timestep,lane_0_density,lane_1_density,lane_2_density,lane_3_density,lane_4_density,lane_5_density,lane_6_density,lane_7_density,lane_8_density,lane_9_density
0,2.375000,2.075000,2.800000,2.175000,2.575000,2.350000,2.900000,2.500000,2.450000,2.800000
1,2.375000,2.075000,2.800000,2.175000,2.575000,2.350000,2.900000,2.500000,2.450000,2.800000
2,2.375000,2.075000,2.800000,2.175000,2.575000,2.350000,2.900000,2.500000,2.450000,2.800000
3,2.375000,2.075000,2.800000,2.175000,2.575000,2.350000,2.900000,2.500000,2.450000,2.800000
4,2.375000,2.075000,2.800000,2.175000,2.575000,2.350000,2.900000,2.500000,2.450000,2.800000
5,2.375000,2.075000,2.800000,2.175000,2.575000,2.350000,2.900000,2.500000,2.450000,2.800000
6,2.375000,2.075000,2.800000,2.175000,2.575000,2.350000,2.900000,2.500000,2.450000,2.800000
7,2.375000,2.075000,2.800000,2.175000,2.575000,2.350000,2.900000,2.500000,2.450000,2.800000
8,2.375000,2.075000,2.800000,2.175000,2.575000,2.350000,2.900000,2.500000,2.450000,2.800000
9,2.375000,2.075000,2.800000,2.175000,2.575000,2.350000,2.900000,2.500000,2.450000,2.800000
10,2.375000,2.075000,2.800000,2.175000,2.575000,2.350000,2.900000,2.500000,2.450000,2.800000
11,2.375000,2.075000,2.800000,2.175000,2.575000,2.350000,2.900000,2.500000,2.450000,2.800000
12,2.375000,2.075000,2.800000,2.175000,2.575000,2.350000,2.900000,2.500000,2.450000,2.800000
13,2.375000,2.075000,2.800000,2.175000,2.575000,2.350000,2.900000,2.500000,2.450000,2.800000
14,2.375000,2.075000,2.800000,2.175000,2.575000,2.350000,2.900000,2.500000,2.450000,2.800000
15,2.375000,2.075000,2.800000,2.175000,2.575000,2.350000,2.900000,2.500000,2.450000,2.800000
16,2.375000,2.075000,2.800000,2.175000,2.575000,2.350000,2.900000,2.500000,2.450000,2.800000
17,2.375000,2.075000,2.800000,2.175000,2.575000,2.350000,2.900000,2.500000,2.450000,2.800000
18,2.375000,2.075000,2.800000,2.175000,2.575000,2.350000,2.900000,2.500000,2.450000,2.800000
19,2.375000,2.075000,2.800000,2.175000,2.575000,2.350000,2.900000,2.500000,2.450000,2.800000
20,2.375000,2.075000,2.800000,2.175000,2.575000,2.350000,2.900000,2.500000,2.450000,2.800000
21,2.375000,2.075000,2.800000,2.175000,2.575000,2.350000,2.900000,2.500000,2.450000,2.800000
22,2.375000,2.075000,2.800000,2.175000,2.575000,2.350000,2.900000,2.500000,2.450000,2.800000
23,2.375000,2.075000,2.800000,2.175000,2.575000,2.350000,2.900000,2.500000,2.450000,2.800000
24,2.375000,2.075000,2.800000,2.175000,2.575000,2.350000,2.900000,2.500000,2.450000,2.800000
25,2.375000,2.075000,2.800000,2.175000,2.575000,2.350000,2.900000,2.500000,2.450000,2.800000
26,2.375000,2.075000,2.800000,2.175000,2.575000,2.350000,2.900000,2.500000,2.450000,2.800000
27,2.375000,2.075000,2.800000,2.175000,2.575000,2.350000,2.900000,2.500000,2.450000,2.800000
28,2.375000,2.075000,2.800000,2.175000,2.575000,2.350000,2.900000,2.500000,2.450000,2.800000
29,2.375000,2.075000,2.800000,2.175000,2.575000,2.350000,2.900000,2.500000,2.450000,2.800000
30,2.375000,2.075000,2.800000,2.175000,2.575000,2.350000,2.900000,2.500000,2.450000,2.800000
31,2.375000,2.075000,2.800000,2.175000,2.575000,2.350000,2.900000,2.500000,2.450000,2.800000
32,2.375000,2.075000,2.800000,2.175000,2.575000,2.350000,2.900000,2.500000,2.450000,2.800000
33,2.375000,2.075000,2.800000,2.175000,2.575000,2.350000,2.900000,2.500000,2.450000,2.800000
34,2.375000,2.075000,2.800000,2.175000,2.575000,2.350000,2.900000,2.500000,2.450000,2.800000
35,2.375000,2.075000,2.800000,2.175000,2.575000,2.350000,2.900000,2.500000,2.450000,2.800000
36,2.375000,2.075000,2.800000,2.175000,2.575000,2.350000,2.900000,2.500000,2.450000,2.800000
37,2.375000,2.075000,2.800000,2.175000,2.575000,2.350000,2.900000,2.500000,2.450000,2.800000
38,2.375000,2.075000,2.800000,2.175000,2.575000,2.350000,2.900000,2.500000,2.450000,2.800000
39,2.375000,2.075000,2.800000,2.175000,2.575000,2.350000,2.900000,2.500000,2.450000,2.800000
40,2.375000,2.075000,2.800000,2.175000,2.575000,2.350000,2.900000,2.500000,2.450000,2.800000
41,2.375000,2.075000,2.800000,2.175000,2.575000,2.350000,2.900000,2.500000,2.450000,2.800000
42,2.375000,2.075000,2.800000,2.175000,2.575000,2.350000,2.900000,2.500000,2.450000,2.800000
43,2.375000,2.075000,2.800000,2.175000,2.575000,2.350000,2.900000,2.500000,2.450000,2.800000
44,2.375000,2.075000,2.800000,2.175000,2.575000,2.350000,2.900000,2.500000,2.450000,2.800000
45,2.375000,2.075000,2.800000,2.175000,2.575000,2.350000,2.900000,2.500000,2.450000,2.800000
46,2.375000,2.075000,2.800000,2.175000,2.575000,2.350000,2.900000,2.500000,2.450000,2.800000
47,2.375000,2.075000,2.800000,2.175000,2.575000,2.350000,2.900000,2.500000,2.450000,2.800000
48,2.375000,2.075000,2.800000,2.175000,2.575000,2.350000,2.900000,2.500000,2.450000,2.800000
49,2.375000,2.075000,2.800000,2.175000,2.575000,2.350000,2.900000,2.500000,2.450000,2.800000
50,2.375000,2.075000,2.800000,2.175000,2.575000,2.350000,2.900000,2.500000,2.450000,2.800000
51,2.375000,2.075000,2.800000,2.175000,2.575000,2.350000,2.900000,2.500000,2.450000,2.800000
52,2.375000,2.075000,2.800000,2.175000,2.575000,2.350000,2.900000,2.500000,2.450000,2.800000
53,2.375000,2.075000,2.800000,2.175000,2.575000,2.350000,2.900000,2.500000,2.450000,2.800000
54,2.375000,2.075000,2.800000,2.175000,2.575000,2.350000,2.900000,2.500000,2.450000,2.800000
55,2.375000,2.075000,2.800000,2.175000,2.575000,2.350000,2.900000,2.500000,2.450000,2.800000
56,2.375000,2.075000,2.800000,2.175000,2.575000,2.350000,2.900000,2.500000,2.450000,2.800000
57,2.375000,2.075000,2.800000,2.175000,2.575000,2.350000,2.900000,2.500000,2.450000,2.800000
58,2.375000,2.075000,2.800000,2.175000,2.575000,2.350000,2.900000,2.500000,2.450000,2.800000
59,2.375000,2.075000,2.800000,2.175000,2.575000,2.350000,2.900000,2.500000,2.450000,2.800000
60,2.375000,2.075000,2.800000,2.175000,2.575000,2.350000,2.900000,2.500000,2.450000,2.800000
61,2.375000,2.075000,2.800000,2.175000,2.575000,2.350000,2.900000,2.500000,2.450000,2.800000
62,2.375000,2.075000,2.800000,2.175000,2.575000,2.350000,2.900000,2.500000,2.450000,2.800000
63,2.375000,2.075000,2.800000,2.175000,2.575000,2.350000,2.900000,2.500000,2.450000,2.800000
64,2.375000,2.075000,2.800000,2.175000,2.575000,2.350000,2.900000,2.500000,2.450000,2.800000
65,2.375000,2.075000,2.800000,2.175000,2.575000,2.350000,2.900000,2.500000,2.450000,2.800000
66,2.375000,2.075000,2.800000,2.175000,2.575000,2.350000,2.900000,2.500000,2.450000,2.800000
67,2.375000,2.075000,2.800000,2.175000,2.575000,2.350000,2.900000,2.500000,2.450000,2.800000
68,2.375000,2.075000,2.800000,2.175000,2.575000,2.350000,2.900000,2.500000,2.450000,2.800000
69,2.375000,2.075000,2.800000,2.175000,2.575000,2.350000,2.900000,2.500000,2.450000,2.800000
70,2.375000,2.075000,2.800000,2.175000,2.575000,2.350000,2.900000,2.500000,2.450000,2.800000
71,2.375000,2.075000,2.800000,2.175000,2.575000,2.350000,2.900000,2.500000,2.450000,2.800000
72,2.375000,2.075000,2.800000,2.175000,2.575000,2.350000,2.900000,2.500000,2.450000,2.800000
73,2.375000,2.075000,2.800000,2.175000,2.575000,2.350000,2.900000,2.500000,2.450000,2.800000
74,2.375000,2.075000,2.800000,2.175000,2.575000,2.350000,2.900000,2.500000,2.450000,2.800000
75,2.375000,2.075000,2.800000,2.175000,2.575000,2.350000,2.900000,2.500000,2.450000,2.800000
76,2.375000,2.075000,2.800000,2.175000,2.575000,2.350000,2.900000,2.500000,2.450000,2.800000
77,2.375000,2.075000,2.800000,2.175000,2.575000,2.350000,2.900000,2.500000,2.450000,2.800000
78,2.375000,2.075000,2.800000,2.175000,2.575000,2.350000,2.900000,2.500000,2.450000,2.800000
79,2.375000,2.075000,2.800000,2.175000,2.575000,2.350000,2.900000,2.500000,2.450000,2.800000
80,2.375000,2.075000,2.800000,2.175000,2.575000,2.350000,2.900000,2.500000,2.450000,2.800000
81,2.375000,2.075000,2.800000,2.175000,2.575000,2.350000,2.900000,2.500000,2.450000,2.800000
82,2.375000,2.075000,2.800000,2.175000,2.575000,2.350000,2.900000,2.500000,2.450000,2.800000
83,2.375000,2.075000,2.800000,2.175000,2.575000,2.350000,2.900000,2.500000,2.450000,2.800000
84,2.375000,2.075000,2.800000,2.175000,2.575000,2.350000,2.900000,2.500000,2.450000,2.800000
85,2.375000,2.075000,2.800000,2.175000,2.575000,2.350000,2.900000,2.500000,2.450000,2.800000
86,2.375000,2.075000,2.800000,2.175000,2.575000,2.350000,2.900000,2.500000,2.450000,2.800000
87,2.375000,2.075000,2.800000,2.175000,2.575000,2.350000,2.900000,2.500000,2.450000,2.800000
88,2.375000,2.075000,2.800000,2.175000,2.575000,2.350000,2.900000,2.500000,2.450000,2.800000
89,2.375000,2.075000,2.800000,2.175000,2.575000,2.350000,2.900000,2.500000,2.450000,2.800000
90,2.375000,2.075000,2.800000,2.175000,2.575000,2.350000,2.900000,2.500000,2.450000,2.800000
91,2.375000,2.075000,2.800000,2.175000,2.575000,2.350000,2.900000,2.500000,2.450000,2.800000
92,2.375000,2.075000,2.800000,2.175000,2.575000,2.350000,2.900000,2.500000,2.450000,2.800000
93,2.375000,2.075000,2.800000,2.175000,2.575000,2.350000,2.900000,2.500000,2.450000,2.800000
94,2.375000,2.075000,2.800000,2.175000,2.575000,2.350000,2.900000,2.500000,2.450000,2.800000
95,2.375000,2.075000,2.800000,2.175000,2.575000,2.350000,2.900000,2.500000,2.450000,2.800000
96,2.375000,2.075000,2.800000,2.175000,2.575000,2.350000,2.900000,2.500000,2.450000,2.800000
97,2.375000,2.075000,2.800000,2.175000,2.575000,2.350000,2.900000,2.500000,2.450000,2.800000
98,2.375000,2.075000,2.800000,2.175000,2.575000,2.350000,2.900000,2.500000,2.450000,2.800000
99,2.375000,2.075000,2.800000,2.175000,2.575000,2.350000,2.900000,2.500000,2.450000,2.800000
100,2.375000,2.075000,2.800000,2.175000,2.575000,2.350000,2.900000,2.500000,2.450000,2.800000
101,2.375000,2.075000,2.800000,2.175000,2.575000,2.350000,2.900000,2.500000,2.450000,2.800000
102,2.375000,2.075000,2.800000,2.175000,2.575000,2.350000,2.900000,2.500000,2.450000,2.800000
103,2.375000,2.075000,2.800000,2.175000,2.575000,2.350000,2.900000,2.500000,2.450000,2.800000
104,2.375000,2.075000,2.800000,2.175000,2.575000,2.350000,2.900000,2.500000,2.450000,2.800000
105,2.375000,2.075000,2.800000,2.175000,2.575000,2.350000,2.900000,2.500000,2.450000,2.800000
106,2.375000,2.075000,2.800000,2.175000,2.575000,2.350000,2.900000,2.500000,2.450000,2.800000
107,2.375000,2.075000,2.800000,2.175000,2.575000,2.350000,2.900000,2.500000,2.450000,2.800000
108,2.375000,2.075000,2.800000,2.175000,2.575000,2.350000,2.900000,2.500000,2.450000,2.800000
109,2.375000,2.075000,2.800000,2.175000,2.575000,2.350000,2.900000,2.500000,2.450000,2.800000
110,2.375000,2.075000,2.800000,2.175000,2.575000,2.350000,2.900000,2.500000,2.450000,2.800000
111,2.375000,2.075000,2.800000,2.175000,2.575000,2.350000,2.900000,2.500000,2.450000,2.800000
112,2.375000,2.075000,2.800000,2.175000,2.575000,2.350000,2.900000,2.500000,2.450000,2.800000
113,2.375000,2.075000,2.800000,2.175000,2.575000,2.350000,2.900000,2.500000,2.450000,2.800000
114,2.375000,2.075000,2.800000,2.175000,2.575000,2.350000,2.900000,2.500000,2.450000,2.800000
115,2.375000,2.075000,2.800000,2.175000,2.575000,2.350000,2.900000,2.500000,2.450000,2.800000
116,2.375000,2.075000,2.800000,2.175000,2.575000,2.350000,2.900000,2.500000,2.450000,2.800000
117,2.375000,2.075000,2.800000,2.175000,2.575000,2.350000,2.900000,2.500000,2.450000,2.800000
118,2.375000,2.075000,2.800000,2.175000,2.575000,2.350000,2.900000,2.500000,2.450000,2.800000
119,2.375000,2.075000,2.800000,2.175000,2.575000,2.350000,2.900000,2.500000,2.450000,2.800000
120,2.375000,2.075000,2.800000,2.175000,2.575000,2.350000,2.900000,2.500000,2.450000,2.800000
121,2.375000,2.075000,2.800000,2.175000,2.575000,2.350000,2.900000,2.500000,2.450000,2.800000
122,2.375000,2.075000,2.800000,2.175000,2.575000,2.350000,2.900000,2.500000,2.450000,2.800000
123,2.375000,2.075000,2.800000,2.175000,2.575000,2.350000,2.900000,2.500000,2.450000,2.800000
124,2.375000,2.075000,2.800000,2.175000,2.575000,2.350000,2.900000,2.500000,2.450000,2.800000
125,2.375000,2.075000,2.800000,2.175000,2.575000,2.350000,2.900000,2.500000,2.450000,2.800000
126,2.375000,2.075000,2.800000,2.175000,2.575000,2.350000,2.900000,2.500000,2.450000,2.800000
127,2.375000,2.075000,2.800000,2.175000,2.575000,2.350000,2.900000,2.500000,2.450000,2.800000
128,2.375000,2.075000,2.800000,2.175000,2.575000,2.350000,2.900000,2.500000,2.450000,2.800000
129,2.375000,2.075000,2.800000,2.175000,2.575000,2.350000,2.900000,2.500000,2.450000,2.800000
130,2.375000,2.075000,2.800000,2.175000,2.575000,2.350000,2.900000,2.500000,2.450000,2.800000
131,2.375000,2.075000,2.800000,2.175000,2.575000,2.350000,2.900000,2.500000,2.450000,2.800000
132,2.375000,2.075000,2.800000,2.175000,2.575000,2.350000,2.900000,2.500000,2.450000,2.800000
133,2.375000,2.075000,2.800000,2.175000,2.575000,2.350000,2.900000,2.500000,2.450000,2.800000
134,2.375000,2.075000,2.800000,2.175000,2.575000,2.350000,2.900000,2.500000,2.450000,2.800000
135,2.375000,2.075000,2.800000,2.175000,2.575000,2.350000,2.900000,2.500000,2.450000,2.800000
136,2.375000,2.075000,2.800000,2.175000,2.575000,2.350000,2.900000,2.500000,2.450000,2.800000
137,2.375000,2.075000,2.800000,2.175000,2.575000,2.350000,2.900000,2.500000,2.450000,2.800000
138,2.375000,2.075000,2.800000,2.175000,2.575000,2.350000,2.900000,2.500000,2.450000,2.800000
139,2.375000,2.075000,2.800000,2.175000,2.575000,2.350000,2.900000,2.500000,2.450000,2.800000
140,2.375000,2.075000,2.800000,2.175000,2.575000,2.350000,2.900000,2.500000,2.450000,2.800000
141,2.375000,2.075000,2.800000,2.175000,2.575000,2.350000,2.900000,2.500000,2.450000,2.800000
142,2.375000,2.075000,2.800000,2.175000,2.575000,2.350000,2.900000,2.500000,2.450000,2.800000
143,2.375000,2.075000,2.800000,2.175000,2.575000,2.350000,2.900000,2.500000,2.450000,2.800000
144,2.375000,2.075000,2.800000,2.175000,2.575000,2.350000,2.900000,2.500000,2.450000,2.800000
145,2.375000,2.075000,2.800000,2.175000,2.575000,2.350000,2.900000,2.500000,2.450000,2.800000
146,2.375000,2.075000,2.800000,2.175000,2.575000,2.350000,2.900000,2.500000,2.450000,2.800000
147,2.375000,2.075000,2.800000,2.175000,2.575000,2.350000,2.900000,2.500000,2.450000,2.800000
148,2.375000,2.075000,2.800000,2.175000,2.575000,2.350000,2.900000,2.500000,2.450000,2.800000
149,2.375000,2.075000,2.800000,2.175000,2.575000,2.350000,2.900000,2.500000,2.450000,2.800000
150,2.375000,2.075000,2.800000,2.175000,2.575000,2.350000,2.900000,2.500000,2.450000,2.800000
151,2.375000,2.075000,2.800000,2.175000,2.575000,2.350000,2.900000,2.500000,2.450000,2.800000
152,2.375000,2.075000,2.800000,2.175000,2.575000,2.350000,2.900000,2.500000,2.450000,2.800000
153,2.375000,2.075000,2.800000,2.175000,2.575000,2.350000,2.900000,2.500000,2.450000,2.800000
154,2.375000,2.075000,2.800000,2.175000,2.575000,2.350000,2.900000,2.500000,2.450000,2.800000
155,2.375000,2.075000,2.800000,2.175000,2.575000,2.350000,2.900000,2.500000,2.450000,2.800000
156,2.375000,2.075000,2.800000,2.175000,2.575000,2.350000,2.900000,2.500000,2.450000,2.800000
157,2.375000,2.075000,2.800000,2.175000,2.575000,2.350000,2.900000,2.500000,2.450000,2.800000
158,2.375000,2.075000,2.800000,2.175000,2.575000,2.350000,2.900000,2.500000,2.450000,2.800000
159,2.375000,2.075000,2.800000,2.175000,2.575000,2.350000,2.900000,2.500000,2.450000,2.800000
160,2.375000,2.075000,2.800000,2.175000,2.575000,2.350000,2.900000,2.500000,2.450000,2.800000
161,2.375000,2.075000,2.800000,2.175000,2.575000,2.350000,2.900000,2.500000,2.450000,2.800000
162,2.375000,2.075000,2.800000,2.175000,2.575000,2.350000,2.900000,2.500000,2.450000,2.800000
163,2.375000,2.075000,2.800000,2.175000,2.575000,2.350000,2.900000,2.500000,2.450000,2.800000
164,2.375000,2.075000,2.800000,2.175000,2.575000,2.350000,2.900000,2.500000,2.450000,2.800000
165,2.375000,2.075000,2.800000,2.175000,2.575000,2.350000,2.900000,2.500000,2.450000,2.800000
166,2.375000,2.075000,2.800000,2.175000,2.575000,2.350000,2.900000,2.500000,2.450000,2.800000
167,2.375000,2.075000,2.800000,2.175000,2.575000,2.350000,2.900000,2.500000,2.450000,2.800000
168,2.375000,2.075000,2.800000,2.175000,2.575000,2.350000,2.900000,2.500000,2.450000,2.800000
169,2.375000,2.075000,2.800000,2.175000,2.575000,2.350000,2.900000,2.500000,2.450000,2.800000
170,2.375000,2.075000,2.800000,2.175000,2.575000,2.350000,2.900000,2.500000,2.450000,2.800000
171,2.375000,2.075000,2.800000,2.175000,2.575000,2.350000,2.900000,2.500000,2.450000,2.800000
172,2.375000,2.075000,2.800000,2.175000,2.575000,2.350000,2.900000,2.500000,2.450000,2.800000
173,2.375000,2.075000,2.800000,2.175000,2.575000,2.350000,2.900000,2.500000,2.450000,2.800000
174,2.375000,2.075000,2.800000,2.175000,2.575000,2.350000,2.900000,2.500000,2.450000,2.800000
175,2.375000,2.075000,2.800000,2.175000,2.575000,2.350000,2.900000,2.500000,2.450000,2.800000
176,2.375000,2.075000,2.800000,2.175000,2.575000,2.350000,2.900000,2.500000,2.450000,2.800000
177,2.375000,2.075000,2.800000,2.175000,2.575000,2.350000,2.900000,2.500000,2.450000,2.800000
178,2.375000,2.075000,2.800000,2.175000,2.575000,2.350000,2.900000,2.500000,2.450000,2.800000
179,2.375000,2.075000,2.800000,2.175000,2.575000,2.350000,2.900000,2.500000,2.450000,2.800000
180,2.375000,2.075000,2.800000,2.175000,2.575000,2.350000,2.900000,2.500000,2.450000,2.800000
181,2.375000,2.075000,2.800000,2.175000,2.575000,2.350000,2.900000,2.500000,2.450000,2.800000
182,2.375000,2.075000,2.800000,2.175000,2.575000,2.350000,2.900000,2.500000,2.450000,2.800000
183,2.375000,2.075000,2.800000,2.175000,2.575000,2.350000,2.900000,2.500000,2.450000,2.800000
184,2.375000,2.075000,2.800000,2.175000,2.575000,2.350000,2.900000,2.500000,2.450000,2.800000
185,2.375000,2.075000,2.800000,2.175000,2.575000,2.350000,2.900000,2.500000,2.450000,2.800000
186,2.375000,2.075000,2.800000,2.175000,2.575000,2.350000,2.900000,2.500000,2.450000,2.800000
187,2.375000,2.075000,2.800000,2.175000,2.575000,2.350000,2.900000,2.500000,2.450000,2.800000
188,2.375000,2.075000,2.800000,2.175000,2.575000,2.350000,2.900000,2.500000,2.450000,2.800000
189,2.375000,2.075000,2.800000,2.175000,2.575000,2.350000,2.900000,2.500000,2.450000,2.800000
190,2.375000,2.075000,2.800000,2.175000,2.575000,2.350000,2.900000,2.500000,2.450000,2.800000
191,2.375000,2.075000,2.800000,2.175000,2.575000,2.350000,2.900000,2.500000,2.450000,2.800000
192,2.375000,2.075000,2.800000,2.175000,2.575000,2.350000,2.900000,2.500000,2.450000,2.800000
193,2.375000,2.075000,2.800000,2.175000,2.575000,2.350000,2.900000,2.500000,2.450000,2.800000
194,2.375000,2.075000,2.800000,2.175000,2.575000,2.350000,2.900000,2.500000,2.450000,2.800000
195,2.375000,2.075000,2.800000,2.175000,2.575000,2.350000,2.900000,2.500000,2.450000,2.800000
196,2.375000,2.075000,2.800000,2.175000,2.575000,2.350000,2.900000,2.500000,2.450000,2.800000
197,2.375000,2.075000,2.800000,2.175000,2.575000,2.350000,2.900000,2.500000,2.450000,2.800000
198,2.375000,2.075000,2.800000,2.175000,2.575000,2.350000,2.900000,2.500000,2.450000,2.800000
199,2.375000,2.075000,2.800000,2.175000,2.575000,2.350000,2.900000,2.500000,2.450000,2.800000
200,2.375000,2.075000,2.800000,2.175000,2.575000,2.350000,2.900000,2.500000,2.450000,2.800000
201,2.375000,2.075000,2.800000,2.175000,2.575000,2.350000,2.900000,2.500000,2.450000,2.800000
202,2.375000,2.075000,2.800000,2.175000,2.575000,2.350000,2.900000,2.500000,2.450000,2.800000
203,2.375000,2.075000,2.800000,2.175000,2.575000,2.350000,2.900000,2.500000,2.450000,2.800000
204,2.375000,2.075000,2.800000,2.175000,2.575000,2.350000,2.900000,2.500000,2.450000,2.800000
205,2.375000,2.075000,2.800000,2.175000,2.575000,2.350000,2.900000,2.500000,2.450000,2.800000
206,2.375000,2.075000,2.800000,2.175000,2.575000,2.350000,2.900000,2.500000,2.450000,2.800000
207,2.375000,2.075000,2.800000,2.175000,2.575000,2.350000,2.900000,2.500000,2.450000,2.800000
208,2.375000,2.075000,2.800000,2.175000,2.575000,2.350000,2.900000,2.500000,2.450000,2.800000
209,2.375000,2.075000,2.800000,2.175000,2.575000,2.350000,2.900000,2.500000,2.450000,2.800000
210,2.375000,2.075000,2.800000,2.175000,2.575000,2.350000,2.900000,2.500000,2.450000,2.800000
211,2.375000,2.075000,2.800000,2.175000,2.575000,2.350000,2.900000,2.500000,2.450000,2.800000
212,2.375000,2.075000,2.800000,2.175000,2.575000,2.350000,2.900000,2.500000,2.450000,2.800000
213,2.375000,2.075000,2.800000,2.175000,2.575000,2.350000,2.900000,2.500000,2.450000,2.800000
214,2.375000,2.075000,2.800000,2.175000,2.575000,2.350000,2.900000,2.500000,2.450000,2.800000
215,2.375000,2.075000,2.800000,2.175000,2.575000,2.350000,2.900000,2.500000,2.450000,2.800000
216,2.375000,2.075000,2.800000,2.175000,2.575000,2.350000,2.900000,2.500000,2.450000,2.800000
217,2.375000,2.075000,2.800000,2.175000,2.575000,2.350000,2.900000,2.500000,2.450000,2.800000
218,2.375000,2.075000,2.800000,2.175000,2.575000,2.350000,2.900000,2.500000,2.450000,2.800000
219,2.375000,2.075000,2.800000,2.175000,2.575000,2.350000,2.900000,2.500000,2.450000,2.800000
220,2.375000,2.075000,2.800000,2.175000,2.575000,2.350000,2.900000,2.500000,2.450000,2.800000
221,2.375000,2.075000,2.800000,2.175000,2.575000,2.350000,2.900000,2.500000,2.450000,2.800000
222,2.375000,2.075000,2.800000,2.175000,2.575000,2.350000,2.900000,2.500000,2.450000,2.800000
223,2.375000,2.075000,2.800000,2.175000,2.575000,2.350000,2.900000,2.500000,2.450000,2.800000
224,2.375000,2.075000,2.800000,2.175000,2.575000,2.350000,2.900000,2.500000,2.450000,2.800000
225,2.375000,2.075000,2.800000,2.175000,2.575000,2.350000,2.900000,2.500000,2.450000,2.800000
226,2.375000,2.075000,2.800000,2.175000,2.575000,2.350000,2.900000,2.500000,2.450000,2.800000
227,2.375000,2.075000,2.800000,2.175000,2.575000,2.350000,2.900000,2.500000,2.450000,2.800000
228,2.375000,2.075000,2.800000,2.175000,2.575000,2.350000,2.900000,2.500000,2.450000,2.800000
229,2.375000,2.075000,2.800000,2.175000,2.575000,2.350000,2.900000,2.500000,2.450000,2.800000
230,2.375000,2.075000,2.800000,2.175000,2.575000,2.350000,2.900000,2.500000,2.450000,2.800000
231,2.375000,2.075000,2.800000,2.175000,2.575000,2.350000,2.900000,2.500000,2.450000,2.800000
232,2.375000,2.075000,2.800000,2.175000,2.575000,2.350000,2.900000,2.500000,2.450000,2.800000
233,2.375000,2.075000,2.800000,2.175000,2.575000,2.350000,2.900000,2.500000,2.450000,2.800000
234,2.375000,2.075000,2.800000,2.175000,2.575000,2.350000,2.900000,2.500000,2.450000,2.800000
235,2.375000,2.075000,2.800000,2.175000,2.575000,2.350000,2.900000,2.500000,2.450000,2.800000
236,2.375000,2.075000,2.800000,2.175000,2.575000,2.350000,2.900000,2.500000,2.450000,2.800000
237,2.375000,2.075000,2.800000,2.175000,2.575000,2.350000,2.900000,2.500000,2.450000,2.800000
238,2.375000,2.075000,2.800000,2.175000,2.575000,2.350000,2.900000,2.500000,2.450000,2.800000
239,2.375000,2.075000,2.800000,2.175000,2.575000,2.350000,2.900000,2.500000,2.450000,2.800000
240,2.375000,2.075000,2.800000,2.175000,2.575000,2.350000,2.900000,2.500000,2.450000,2.800000
241,2.375000,2.075000,2.800000,2.175000,2.575000,2.350000,2.900000,2.500000,2.450000,2.800000
242,2.375000,2.075000,2.800000,2.175000,2.575000,2.350000,2.900000,2.500000,2.450000,2.800000
243,2.375000,2.075000,2.800000,2.175000,2.575000,2.350000,2.900000,2.500000,2.450000,2.800000
244,2.375000,2.075000,2.800000,2.175000,2.575000,2.350000,2.900000,2.500000,2.450000,2.800000
245,2.375000,2.075000,2.800000,2.175000,2.575000,2.350000,2.900000,2.500000,2.450000,2.800000
246,2.375000,2.075000,2.800000,2.175000,2.575000,2.350000,2.900000,2.500000,2.450000,2.800000
247,2.375000,2.075000,2.800000,2.175000,2.575000,2.350000,2.900000,2.500000,2.450000,2.800000
248,2.375000,2.075000,2.800000,2.175000,2.575000,2.350000,2.900000,2.500000,2.450000,2.800000
249,2.375000,2.075000,2.800000,2.175000,2.575000,2.350000,2.900000,2.500000,2.450000,2.800000
250,2.375000,2.075000,2.800000,2.175000,2.575000,2.350000,2.900000,2.500000,2.450000,2.800000
251,2.375000,2.075000,2.800000,2.175000,2.575000,2.350000,2.900000,2.500000,2.450000,2.800000
252,2.375000,2.075000,2.800000,2.175000,2.575000,2.350000,2.900000,2.500000,2.450000,2.800000
253,2.375000,2.075000,2.800000,2.175000,2.575000,2.350000,2.900000,2.500000,2.450000,2.800000
254,2.375000,2.075000,2.800000,2.175000,2.575000,2.350000,2.900000,2.500000,2.450000,2.800000
255,2.375000,2.075000,2.800000,2.175000,2.575000,2.350000,2.900000,2.500000,2.450000,2.800000
256,2.375000,2.075000,2.800000,2.175000,2.575000,2.350000,2.900000,2.500000,2.450000,2.800000
257,2.375000,2.075000,2.800000,2.175000,2.575000,2.350000,2.900000,2.500000,2.450000,2.800000
258,2.375000,2.075000,2.800000,2.175000,2.575000,2.350000,2.900000,2.500000,2.450000,2.800000
259,2.375000,2.075000,2.800000,2.175000,2.575000,2.350000,2.900000,2.500000,2.450000,2.800000
260,2.375000,2.075000,2.800000,2.175000,2.575000,2.350000,2.900000,2.500000,2.450000,2.800000
261,2.375000,2.075000,2.800000,2.175000,2.575000,2.350000,2.900000,2.500000,2.450000,2.800000
262,2.375000,2.075000,2.800000,2.175000,2.575000,2.350000,2.900000,2.500000,2.450000,2.800000
263,2.375000,2.075000,2.800000,2.175000,2.575000,2.350000,2.900000,2.500000,2.450000,2.800000
264,2.375000,2.075000,2.800000,2.175000,2.575000,2.350000,2.900000,2.500000,2.450000,2.800000
265,2.375000,2.075000,2.800000,2.175000,2.575000,2.350000,2.900000,2.500000,2.450000,2.800000
266,2.375000,2.075000,2.800000,2.175000,2.575000,2.350000,2.900000,2.500000,2.450000,2.800000
267,2.375000,2.075000,2.800000,2.175000,2.575000,2.350000,2.900000,2.500000,2.450000,2.800000
268,2.375000,2.075000,2.800000,2.175000,2.575000,2.350000,2.900000,2.500000,2.450000,2.800000
269,2.375000,2.075000,2.800000,2.175000,2.575000,2.350000,2.900000,2.500000,2.450000,2.800000
270,2.375000,2.075000,2.800000,2.175000,2.575000,2.350000,2.900000,2.500000,2.450000,2.800000
271,2.375000,2.075000,2.800000,2.175000,2.575000,2.350000,2.900000,2.500000,2.450000,2.800000
272,2.375000,2.075000,2.800000,2.175000,2.575000,2.350000,2.900000,2.500000,2.450000,2.800000
273,2.375000,2.075000,2.800000,2.175000,2.575000,2.350000,2.900000,2.500000,2.450000,2.800000
274,2.375000,2.075000,2.800000,2.175000,2.575000,2.350000,2.900000,2.500000,2.450000,2.800000
275,2.375000,2.075000,2.800000,2.175000,2.575000,2.350000,2.900000,2.500000,2.450000,2.800000
276,2.375000,2.075000,2.800000,2.175000,2.575000,2.350000,2.900000,2.500000,2.450000,2.800000
277,2.375000,2.075000,2.800000,2.175000,2.575000,2.350000,2.900000,2.500000,2.450000,2.800000
278,2.375000,2.075000,2.800000,2.175000,2.575000,2.350000,2.900000,2.500000,2.450000,2.800000
279,2.375000,2.075000,2.800000,2.175000,2.575000,2.350000,2.900000,2.500000,2.450000,2.800000
280,2.375000,2.075000,2.800000,2.175000,2.575000,2.350000,2.900000,2.500000,2.450000,2.800000
281,2.375000,2.075000,2.800000,2.175000,2.575000,2.350000,2.900000,2.500000,2.450000,2.800000
282,2.375000,2.075000,2.800000,2.175000,2.575000,2.350000,2.900000,2.500000,2.450000,2.800000
283,2.375000,2.075000,2.800000,2.175000,2.575000,2.350000,2.900000,2.500000,2.450000,2.800000
284,2.375000,2.075000,2.800000,2.175000,2.575000,2.350000,2.900000,2.500000,2.450000,2.800000
285,2.375000,2.075000,2.800000,2.175000,2.575000,2.350000,2.900000,2.500000,2.450000,2.800000
286,2.375000,2.075000,2.800000,2.175000,2.575000,2.350000,2.900000,2.500000,2.450000,2.800000
287,2.375000,2.075000,2.800000,2.175000,2.575000,2.350000,2.900000,2.500000,2.450000,2.800000
288,2.375000,2.075000,2.800000,2.175000,2.575000,2.350000,2.900000,2.500000,2.450000,2.800000
289,2.375000,2.075000,2.800000,2.175000,2.575000,2.350000,2.900000,2.500000,2.450000,2.800000
290,2.375000,2.075000,2.800000,2.175000,2.575000,2.350000,2.900000,2.500000,2.450000,2.800000
291,2.375000,2.075000,2.800000,2.175000,2.575000,2.350000,2.900000,2.500000,2.450000,2.800000
292,2.375000,2.075000,2.800000,2.175000,2.575000,2.350000,2.900000,2.500000,2.450000,2.800000
293,2.375000,2.075000,2.800000,2.175000,2.575000,2.350000,2.900000,2.500000,2.450000,2.800000
294,2.375000,2.075000,2.800000,2.175000,2.575000,2.350000,2.900000,2.500000,2.450000,2.800000
295,2.375000,2.075000,2.800000,2.175000,2.575000,2.350000,2.900000,2.500000,2.450000,2.800000
296,2.375000,2.075000,2.800000,2.175000,2.575000,2.350000,2.900000,2.500000,2.450000,2.800000
297,2.375000,2.075000,2.800000,2.175000,2.575000,2.350000,2.900000,2.500000,2.450000,2.800000
298,2.375000,2.075000,2.800000,2.175000,2.575000,2.350000,2.900000,2.500000,2.450000,2.800000
299,2.375000,2.075000,2.800000,2.175000,2.575000,2.350000,2.900000,2.500000,2.450000,2.800000
300,2.375000,2.075000,2.800000,2.175000,2.575000,2.350000,2.900000,2.500000,2.450000,2.800000
301,2.375000,2.075000,2.800000,2.175000,2.575000,2.350000,2.900000,2.500000,2.450000,2.800000
302,2.375000,2.075000,2.800000,2.175000,2.575000,2.350000,2.900000,2.500000,2.450000,2.800000
303,2.375000,2.075000,2.800000,2.175000,2.575000,2.350000,2.900000,2.500000,2.450000,2.800000
304,2.375000,2.075000,2.800000,2.175000,2.575000,2.350000,2.900000,2.500000,2.450000,2.800000
305,2.375000,2.075000,2.800000,2.175000,2.575000,2.350000,2.900000,2.500000,2.450000,2.800000
306,2.375000,2.075000,2.800000,2.175000,2.575000,2.350000,2.900000,2.500000,2.450000,2.800000
307,2.375000,2.075000,2.800000,2.175000,2.575000,2.350000,2.900000,2.500000,2.450000,2.800000
308,2.375000,2.075000,2.800000,2.175000,2.575000,2.350000,2.900000,2.500000,2.450000,2.800000
309,2.375000,2.075000,2.800000,2.175000,2.575000,2.350000,2.900000,2.500000,2.450000,2.800000
310,2.375000,2.075000,2.800000,2.175000,2.575000,2.350000,2.900000,2.500000,2.450000,2.800000
311,2.375000,2.075000,2.800000,2.175000,2.575000,2.350000,2.900000,2.500000,2.450000,2.800000
312,2.375000,2.075000,2.800000,2.175000,2.575000,2.350000,2.900000,2.500000,2.450000,2.800000
313,2.375000,2.075000,2.800000,2.175000,2.575000,2.350000,2.900000,2.500000,2.450000,2.800000
314,2.375000,2.075000,2.800000,2.175000,2.575000,2.350000,2.900000,2.500000,2.450000,2.800000
315,2.375000,2.075000,2.800000,2.175000,2.575000,2.350000,2.900000,2.500000,2.450000,2.800000
316,2.375000,2.075000,2.800000,2.175000,2.575000,2.350000,2.900000,2.500000,2.450000,2.800000
317,2.375000,2.075000,2.800000,2.175000,2.575000,2.350000,2.900000,2.500000,2.450000,2.800000
318,2.375000,2.075000,2.800000,2.175000,2.575000,2.350000,2.900000,2.500000,2.450000,2.800000
319,2.375000,2.075000,2.800000,2.175000,2.575000,2.350000,2.900000,2.500000,2.450000,2.800000
320,2.375000,2.075000,2.800000,2.175000,2.575000,2.350000,2.900000,2.500000,2.450000,2.800000
321,2.375000,2.075000,2.800000,2.175000,2.575000,2.350000,2.900000,2.500000,2.450000,2.800000
322,2.375000,2.075000,2.800000,2.175000,2.575000,2.350000,2.900000,2.500000,2.450000,2.800000
323,2.375000,2.075000,2.800000,2.175000,2.575000,2.350000,2.900000,2.500000,2.450000,2.800000
324,2.375000,2.075000,2.800000,2.175000,2.575000,2.350000,2.900000,2.500000,2.450000,2.800000
325,2.375000,2.075000,2.800000,2.175000,2.575000,2.350000,2.900000,2.500000,2.450000,2.800000
326,2.375000,2.075000,2.800000,2.175000,2.575000,2.350000,2.900000,2.500000,2.450000,2.800000
327,2.375000,2.075000,2.800000,2.175000,2.575000,2.350000,2.900000,2.500000,2.450000,2.800000
328,2.375000,2.075000,2.800000,2.175000,2.575000,2.350000,2.900000,2.500000,2.450000,2.800000
329,2.375000,2.075000,2.800000,2.175000,2.575000,2.350000,2.900000,2.500000,2.450000,2.800000
330,2.375000,2.075000,2.800000,2.175000,2.575000,2.350000,2.900000,2.500000,2.450000,2.800000
331,2.375000,2.075000,2.800000,2.175000,2.575000,2.350000,2.900000,2.500000,2.450000,2.800000
332,2.375000,2.075000,2.800000,2.175000,2.575000,2.350000,2.900000,2.500000,2.450000,2.800000
333,2.375000,2.075000,2.800000,2.175000,2.575000,2.350000,2.900000,2.500000,2.450000,2.800000
334,2.375000,2.075000,2.800000,2.175000,2.575000,2.350000,2.900000,2.500000,2.450000,2.800000
335,2.375000,2.075000,2.800000,2.175000,2.575000,2.350000,2.900000,2.500000,2.450000,2.800000
336,2.375000,2.075000,2.800000,2.175000,2.575000,2.350000,2.900000,2.500000,2.450000,2.800000
337,2.375000,2.075000,2.800000,2.175000,2.575000,2.350000,2.900000,2.500000,2.450000,2.800000
338,2.375000,2.075000,2.800000,2.175000,2.575000,2.350000,2.900000,2.500000,2.450000,2.800000
339,2.375000,2.075000,2.800000,2.175000,2.575000,2.350000,2.900000,2.500000,2.450000,2.800000
340,2.375000,2.075000,2.800000,2.175000,2.575000,2.350000,2.900000,2.500000,2.450000,2.800000
341,2.375000,2.075000,2.800000,2.175000,2.575000,2.350000,2.900000,2.500000,2.450000,2.800000
342,2.375000,2.075000,2.800000,2.175000,2.575000,2.350000,2.900000,2.500000,2.450000,2.800000
343,2.375000,2.075000,2.800000,2.175000,2.575000,2.350000,2.900000,2.500000,2.450000,2.800000
344,2.375000,2.075000,2.800000,2.175000,2.575000,2.350000,2.900000,2.500000,2.450000,2.800000
345,2.375000,2.075000,2.800000,2.175000,2.575000,2.350000,2.900000,2.500000,2.450000,2.800000
346,2.375000,2.075000,2.800000,2.175000,2.575000,2.350000,2.900000,2.500000,2.450000,2.800000
347,2.375000,2.075000,2.800000,2.175000,2.575000,2.350000,2.900000,2.500000,2.450000,2.800000
348,2.375000,2.075000,2.800000,2.175000,2.575000,2.350000,2.900000,2.500000,2.450000,2.800000
349,2.375000,2.075000,2.800000,2.175000,2.575000,2.350000,2.900000,2.500000,2.450000,2.800000
350,2.375000,2.075000,2.800000,2.175000,2.575000,2.350000,2.900000,2.500000,2.450000,2.800000
351,2.375000,2.075000,2.800000,2.175000,2.575000,2.350000,2.900000,2.500000,2.450000,2.800000
352,2.375000,2.075000,2.800000,2.175000,2.575000,2.350000,2.900000,2.500000,2.450000,2.800000
353,2.375000,2.075000,2.800000,2.175000,2.575000,2.350000,2.900000,2.500000,2.450000,2.800000
354,2.375000,2.075000,2.800000,2.175000,2.575000,2.350000,2.900000,2.500000,2.450000,2.800000
355,2.375000,2.075000,2.800000,2.175000,2.575000,2.350000,2.900000,2.500000,2.450000,2.800000
356,2.375000,2.075000,2.800000,2.175000,2.575000,2.350000,2.900000,2.500000,2.450000,2.800000
357,2.375000,2.075000,2.800000,2.175000,2.575000,2.350000,2.900000,2.500000,2.450000,2.800000
358,2.375000,2.075000,2.800000,2.175000,2.575000,2.350000,2.900000,2.500000,2.450000,2.800000
359,2.375000,2.075000,2.800000,2.175000,2.575000,2.350000,2.900000,2.500000,2.450000,2.800000
360,2.375000,2.075000,2.800000,2.175000,2.575000,2.350000,2.900000,2.500000,2.450000,2.800000
361,2.375000,2.075000,2.800000,2.175000,2.575000,2.350000,2.900000,2.500000,2.450000,2.800000
362,2.375000,2.075000,2.800000,2.175000,2.575000,2.350000,2.900000,2.500000,2.450000,2.800000
363,2.375000,2.075000,2.800000,2.175000,2.575000,2.350000,2.900000,2.500000,2.450000,2.800000
364,2.375000,2.075000,2.800000,2.175000,2.575000,2.350000,2.900000,2.500000,2.450000,2.800000
365,2.375000,2.075000,2.800000,2.175000,2.575000,2.350000,2.900000,2.500000,2.450000,2.800000
366,2.375000,2.075000,2.800000,2.175000,2.575000,2.350000,2.900000,2.500000,2.450000,2.800000
367,2.375000,2.075000,2.800000,2.175000,2.575000,2.350000,2.900000,2.500000,2.450000,2.800000
368,2.375000,2.075000,2.800000,2.175000,2.575000,2.350000,2.900000,2.500000,2.450000,2.800000
369,2.375000,2.075000,2.800000,2.175000,2.575000,2.350000,2.900000,2.500000,2.450000,2.800000
370,2.375000,2.075000,2.800000,2.175000,2.575000,2.350000,2.900000,2.500000,2.450000,2.800000
371,2.375000,2.075000,2.800000,2.175000,2.575000,2.350000,2.900000,2.500000,2.450000,2.800000
372,2.375000,2.075000,2.800000,2.175000,2.575000,2.350000,2.900000,2.500000,2.450000,2.800000
373,2.375000,2.075000,2.800000,2.175000,2.575000,2.350000,2.900000,2.500000,2.450000,2.800000
374,2.375000,2.075000,2.800000,2.175000,2.575000,2.350000,2.900000,2.500000,2.450000,2.800000
375,2.375000,2.075000,2.800000,2.175000,2.575000,2.350000,2.900000,2.500000,2.450000,2.800000
376,2.375000,2.075000,2.800000,2.175000,2.575000,2.350000,2.900000,2.500000,2.450000,2.800000
377,2.375000,2.075000,2.800000,2.175000,2.575000,2.350000,2.900000,2.500000,2.450000,2.800000
378,2.375000,2.075000,2.800000,2.175000,2.575000,2.350000,2.900000,2.500000,2.450000,2.800000
379,2.375000,2.075000,2.800000,2.175000,2.575000,2.350000,2.900000,2.500000,2.450000,2.800000
380,2.375000,2.075000,2.800000,2.175000,2.575000,2.350000,2.900000,2.500000,2.450000,2.800000
381,2.375000,2.075000,2.800000,2.175000,2.575000,2.350000,2.900000,2.500000,2.450000,2.800000
382,2.375000,2.075000,2.800000,2.175000,2.575000,2.350000,2.900000,2.500000,2.450000,2.800000
383,2.375000,2.075000,2.800000,2.175000,2.575000,2.350000,2.900000,2.500000,2.450000,2.800000
384,2.375000,2.075000,2.800000,2.175000,2.575000,2.350000,2.900000,2.500000,2.450000,2.800000
385,2.375000,2.075000,2.800000,2.175000,2.575000,2.350000,2.900000,2.500000,2.450000,2.800000
386,2.375000,2.075000,2.800000,2.175000,2.575000,2.350000,2.900000,2.500000,2.450000,2.800000
387,2.375000,2.075000,2.800000,2.175000,2.575000,2.350000,2.900000,2.500000,2.450000,2.800000
388,2.375000,2.075000,2.800000,2.175000,2.575000,2.350000,2.900000,2.500000,2.450000,2.800000
389,2.375000,2.075000,2.800000,2.175000,2.575000,2.350000,2.900000,2.500000,2.450000,2.800000
390,2.375000,2.075000,2.800000,2.175000,2.575000,2.350000,2.900000,2.500000,2.450000,2.800000
391,2.375000,2.075000,2.800000,2.175000,2.575000,2.350000,2.900000,2.500000,2.450000,2.800000
392,2.375000,2.075000,2.800000,2.175000,2.575000,2.350000,2.900000,2.500000,2.450000,2.800000
393,2.375000,2.075000,2.800000,2.175000,2.575000,2.350000,2.900000,2.500000,2.450000,2.800000
394,2.375000,2.075000,2.800000,2.175000,2.575000,2.350000,2.900000,2.500000,2.450000,2.800000
395,2.375000,2.075000,2.800000,2.175000,2.575000,2.350000,2.900000,2.500000,2.450000,2.800000
396,2.375000,2.075000,2.800000,2.175000,2.575000,2.350000,2.900000,2.500000,2.450000,2.800000
397,2.375000,2.075000,2.800000,2.175000,2.575000,2.350000,2.900000,2.500000,2.450000,2.800000
398,2.375000,2.075000,2.800000,2.175000,2.575000,2.350000,2.900000,2.500000,2.450000,2.800000
399,2.375000,2.075000,2.800000,2.175000,2.575000,2.350000,2.900000,2.500000,2.450000,2.800000
400,2.375000,2.075000,2.800000,2.175000,2.575000,2.350000,2.900000,2.500000,2.450000,2.800000
401,2.375000,2.075000,2.800000,2.175000,2.575000,2.350000,2.900000,2.500000,2.450000,2.800000
402,2.375000,2.075000,2.800000,2.175000,2.575000,2.350000,2.900000,2.500000,2.450000,2.800000
403,2.375000,2.075000,2.800000,2.175000,2.575000,2.350000,2.900000,2.500000,2.450000,2.800000
404,2.375000,2.075000,2.800000,2.175000,2.575000,2.350000,2.900000,2.500000,2.450000,2.800000
405,2.375000,2.075000,2.800000,2.175000,2.575000,2.350000,2.900000,2.500000,2.450000,2.800000
406,2.375000,2.075000,2.800000,2.175000,2.575000,2.350000,2.900000,2.500000,2.450000,2.800000
407,2.375000,2.075000,2.800000,2.175000,2.575000,2.350000,2.900000,2.500000,2.450000,2.800000
408,2.375000,2.075000,2.800000,2.175000,2.575000,2.350000,2.900000,2.500000,2.450000,2.800000
409,2.375000,2.075000,2.800000,2.175000,2.575000,2.350000,2.900000,2.500000,2.450000,2.800000
410,2.375000,2.075000,2.800000,2.175000,2.575000,2.350000,2.900000,2.500000,2.450000,2.800000
411,2.375000,2.075000,2.800000,2.175000,2.575000,2.350000,2.900000,2.500000,2.450000,2.800000
412,2.375000,2.075000,2.800000,2.175000,2.575000,2.350000,2.900000,2.500000,2.450000,2.800000
413,2.375000,2.075000,2.800000,2.175000,2.575000,2.350000,2.900000,2.500000,2.450000,2.800000
414,2.375000,2.075000,2.800000,2.175000,2.575000,2.350000,2.900000,2.500000,2.450000,2.800000
415,2.375000,2.075000,2.800000,2.175000,2.575000,2.350000,2.900000,2.500000,2.450000,2.800000
416,2.375000,2.075000,2.800000,2.175000,2.575000,2.350000,2.900000,2.500000,2.450000,2.800000
417,2.375000,2.075000,2.800000,2.175000,2.575000,2.350000,2.900000,2.500000,2.450000,2.800000
418,2.375000,2.075000,2.800000,2.175000,2.575000,2.350000,2.900000,2.500000,2.450000,2.800000
419,2.375000,2.075000,2.800000,2.175000,2.575000,2.350000,2.900000,2.500000,2.450000,2.800000
420,2.375000,2.075000,2.800000,2.175000,2.575000,2.350000,2.900000,2.500000,2.450000,2.800000
421,2.375000,2.075000,2.800000,2.175000,2.575000,2.350000,2.900000,2.500000,2.450000,2.800000
422,2.375000,2.075000,2.800000,2.175000,2.575000,2.350000,2.900000,2.500000,2.450000,2.800000
423,2.375000,2.075000,2.800000,2.175000,2.575000,2.350000,2.900000,2.500000,2.450000,2.800000
424,2.375000,2.075000,2.800000,2.175000,2.575000,2.350000,2.900000,2.500000,2.450000,2.800000
425,2.375000,2.075000,2.800000,2.175000,2.575000,2.350000,2.900000,2.500000,2.450000,2.800000
426,2.375000,2.075000,2.800000,2.175000,2.575000,2.350000,2.900000,2.500000,2.450000,2.800000
427,2.375000,2.075000,2.800000,2.175000,2.575000,2.350000,2.900000,2.500000,2.450000,2.800000
428,2.375000,2.075000,2.800000,2.175000,2.575000,2.350000,2.900000,2.500000,2.450000,2.800000
429,2.375000,2.075000,2.800000,2.175000,2.575000,2.350000,2.900000,2.500000,2.450000,2.800000
430,2.375000,2.075000,2.800000,2.175000,2.575000,2.350000,2.900000,2.500000,2.450000,2.800000
431,2.375000,2.075000,2.800000,2.175000,2.575000,2.350000,2.900000,2.500000,2.450000,2.800000
432,2.375000,2.075000,2.800000,2.175000,2.575000,2.350000,2.900000,2.500000,2.450000,2.800000
433,2.375000,2.075000,2.800000,2.175000,2.575000,2.350000,2.900000,2.500000,2.450000,2.800000
434,2.375000,2.075000,2.800000,2.175000,2.575000,2.350000,2.900000,2.500000,2.450000,2.800000
435,2.375000,2.075000,2.800000,2.175000,2.575000,2.350000,2.900000,2.500000,2.450000,2.800000
436,2.375000,2.075000,2.800000,2.175000,2.575000,2.350000,2.900000,2.500000,2.450000,2.800000
437,2.375000,2.075000,2.800000,2.175000,2.575000,2.350000,2.900000,2.500000,2.450000,2.800000
438,2.375000,2.075000,2.800000,2.175000,2.575000,2.350000,2.900000,2.500000,2.450000,2.800000
439,2.375000,2.075000,2.800000,2.175000,2.575000,2.350000,2.900000,2.500000,2.450000,2.800000
440,2.375000,2.075000,2.800000,2.175000,2.575000,2.350000,2.900000,2.500000,2.450000,2.800000
441,2.375000,2.075000,2.800000,2.175000,2.575000,2.350000,2.900000,2.500000,2.450000,2.800000
442,2.375000,2.075000,2.800000,2.175000,2.575000,2.350000,2.900000,2.500000,2.450000,2.800000
443,2.375000,2.075000,2.800000,2.175000,2.575000,2.350000,2.900000,2.500000,2.450000,2.800000
444,2.375000,2.075000,2.800000,2.175000,2.575000,2.350000,2.900000,2.500000,2.450000,2.800000
445,2.375000,2.075000,2.800000,2.175000,2.575000,2.350000,2.900000,2.500000,2.450000,2.800000
446,2.375000,2.075000,2.800000,2.175000,2.575000,2.350000,2.900000,2.500000,2.450000,2.800000
447,2.375000,2.075000,2.800000,2.175000,2.575000,2.350000,2.900000,2.500000,2.450000,2.800000
448,2.375000,2.075000,2.800000,2.175000,2.575000,2.350000,2.900000,2.500000,2.450000,2.800000
449,2.375000,2.075000,2.800000,2.175000,2.575000,2.350000,2.900000,2.500000,2.450000,2.800000
450,2.375000,2.075000,2.800000,2.175000,2.575000,2.350000,2.900000,2.500000,2.450000,2.800000
451,2.375000,2.075000,2.800000,2.175000,2.575000,2.350000,2.900000,2.500000,2.450000,2.800000
452,2.375000,2.075000,2.800000,2.175000,2.575000,2.350000,2.900000,2.500000,2.450000,2.800000
453,2.375000,2.075000,2.800000,2.175000,2.575000,2.350000,2.900000,2.500000,2.450000,2.800000
454,2.375000,2.075000,2.800000,2.175000,2.575000,2.350000,2.900000,2.500000,2.450000,2.800000
455,2.375000,2.075000,2.800000,2.175000,2.575000,2.350000,2.900000,2.500000,2.450000,2.800000
456,2.375000,2.075000,2.800000,2.175000,2.575000,2.350000,2.900000,2.500000,2.450000,2.800000
457,2.375000,2.075000,2.800000,2.175000,2.575000,2.350000,2.900000,2.500000,2.450000,2.800000
458,2.375000,2.075000,2.800000,2.175000,2.575000,2.350000,2.900000,2.500000,2.450000,2.800000
459,2.375000,2.075000,2.800000,2.175000,2.575000,2.350000,2.900000,2.500000,2.450000,2.800000
460,2.375000,2.075000,2.800000,2.175000,2.575000,2.350000,2.900000,2.500000,2.450000,2.800000
461,2.375000,2.075000,2.800000,2.175000,2.575000,2.350000,2.900000,2.500000,2.450000,2.800000
462,2.375000,2.075000,2.800000,2.175000,2.575000,2.350000,2.900000,2.500000,2.450000,2.800000
463,2.375000,2.075000,2.800000,2.175000,2.575000,2.350000,2.900000,2.500000,2.450000,2.800000
464,2.375000,2.075000,2.800000,2.175000,2.575000,2.350000,2.900000,2.500000,2.450000,2.800000
465,2.375000,2.075000,2.800000,2.175000,2.575000,2.350000,2.900000,2.500000,2.450000,2.800000
466,2.375000,2.075000,2.800000,2.175000,2.575000,2.350000,2.900000,2.500000,2.450000,2.800000
467,2.375000,2.075000,2.800000,2.175000,2.575000,2.350000,2.900000,2.500000,2.450000,2.800000
468,2.375000,2.075000,2.800000,2.175000,2.575000,2.350000,2.900000,2.500000,2.450000,2.800000
469,2.375000,2.075000,2.800000,2.175000,2.575000,2.350000,2.900000,2.500000,2.450000,2.800000
470,2.375000,2.075000,2.800000,2.175000,2.575000,2.350000,2.900000,2.500000,2.450000,2.800000
471,2.375000,2.075000,2.800000,2.175000,2.575000,2.350000,2.900000,2.500000,2.450000,2.800000
472,2.375000,2.075000,2.800000,2.175000,2.575000,2.350000,2.900000,2.500000,2.450000,2.800000
473,2.375000,2.075000,2.800000,2.175000,2.575000,2.350000,2.900000,2.500000,2.450000,2.800000
474,2.375000,2.075000,2.800000,2.175000,2.575000,2.350000,2.900000,2.500000,2.450000,2.800000
475,2.375000,2.075000,2.800000,2.175000,2.575000,2.350000,2.900000,2.500000,2.450000,2.800000
476,2.375000,2.075000,2.800000,2.175000,2.575000,2.350000,2.900000,2.500000,2.450000,2.800000
477,2.375000,2.075000,2.800000,2.175000,2.575000,2.350000,2.900000,2.500000,2.450000,2.800000
478,2.375000,2.075000,2.800000,2.175000,2.575000,2.350000,2.900000,2.500000,2.450000,2.800000
479,2.375000,2.075000,2.800000,2.175000,2.575000,2.350000,2.900000,2.500000,2.450000,2.800000
480,2.375000,2.075000,2.800000,2.175000,2.575000,2.350000,2.900000,2.500000,2.450000,2.800000
481,2.375000,2.075000,2.800000,2.175000,2.575000,2.350000,2.900000,2.500000,2.450000,2.800000
482,2.375000,2.075000,2.800000,2.175000,2.575000,2.350000,2.900000,2.500000,2.450000,2.800000
483,2.375000,2.075000,2.800000,2.175000,2.575000,2.350000,2.900000,2.500000,2.450000,2.800000
484,2.375000,2.075000,2.800000,2.175000,2.575000,2.350000,2.900000,2.500000,2.450000,2.800000
485,2.375000,2.075000,2.800000,2.175000,2.575000,2.350000,2.900000,2.500000,2.450000,2.800000
486,2.375000,2.075000,2.800000,2.175000,2.575000,2.350000,2.900000,2.500000,2.450000,2.800000
487,2.375000,2.075000,2.800000,2.175000,2.575000,2.350000,2.900000,2.500000,2.450000,2.800000
488,2.375000,2.075000,2.800000,2.175000,2.575000,2.350000,2.900000,2.500000,2.450000,2.800000
489,2.375000,2.075000,2.800000,2.175000,2.575000,2.350000,2.900000,2.500000,2.450000,2.800000
490,2.375000,2.075000,2.800000,2.175000,2.575000,2.350000,2.900000,2.500000,2.450000,2.800000
491,2.375000,2.075000,2.800000,2.175000,2.575000,2.350000,2.900000,2.500000,2.450000,2.800000
492,2.375000,2.075000,2.800000,2.175000,2.575000,2.350000,2.900000,2.500000,2.450000,2.800000
493,2.375000,2.075000,2.800000,2.175000,2.575000,2.350000,2.900000,2.500000,2.450000,2.800000
494,2.375000,2.075000,2.800000,2.175000,2.575000,2.350000,2.900000,2.500000,2.450000,2.800000
495,2.375000,2.075000,2.800000,2.175000,2.575000,2.350000,2.900000,2.500000,2.450000,2.800000
496,2.375000,2.075000,2.800000,2.175000,2.575000,2.350000,2.900000,2.500000,2.450000,2.800000
497,2.375000,2.075000,2.800000,2.175000,2.575000,2.350000,2.900000,2.500000,2.450000,2.800000
498,2.375000,2.075000,2.800000,2.175000,2.575000,2.350000,2.900000,2.500000,2.450000,2.800000
499,2.375000,2.075000,2.800000,2.175000,2.575000,2.350000,2.900000,2.500000,2.450000,2.800000
500,2.375000,2.075000,2.800000,2.175000,2.575000,2.350000,2.900000,2.500000,2.450000,2.800000
501,2.375000,2.075000,2.800000,2.175000,2.575000,2.350000,2.900000,2.500000,2.450000,2.800000
502,2.375000,2.075000,2.800000,2.175000,2.575000,2.350000,2.900000,2.500000,2.450000,2.800000
503,2.375000,2.075000,2.800000,2.175000,2.575000,2.350000,2.900000,2.500000,2.450000,2.800000
504,2.375000,2.075000,2.800000,2.175000,2.575000,2.350000,2.900000,2.500000,2.450000,2.800000
505,2.375000,2.075000,2.800000,2.175000,2.575000,2.350000,2.900000,2.500000,2.450000,2.800000
506,2.375000,2.075000,2.800000,2.175000,2.575000,2.350000,2.900000,2.500000,2.450000,2.800000
507,2.375000,2.075000,2.800000,2.175000,2.575000,2.350000,2.900000,2.500000,2.450000,2.800000
508,2.375000,2.075000,2.800000,2.175000,2.575000,2.350000,2.900000,2.500000,2.450000,2.800000
509,2.375000,2.075000,2.800000,2.175000,2.575000,2.350000,2.900000,2.500000,2.450000,2.800000
510,2.375000,2.075000,2.800000,2.175000,2.575000,2.350000,2.900000,2.500000,2.450000,2.800000
511,2.375000,2.075000,2.800000,2.175000,2.575000,2.350000,2.900000,2.500000,2.450000,2.800000
512,2.375000,2.075000,2.800000,2.175000,2.575000,2.350000,2.900000,2.500000,2.450000,2.800000
513,2.375000,2.075000,2.800000,2.175000,2.575000,2.350000,2.900000,2.500000,2.450000,2.800000
514,2.375000,2.075000,2.800000,2.175000,2.575000,2.350000,2.900000,2.500000,2.450000,2.800000
515,2.375000,2.075000,2.800000,2.175000,2.575000,2.350000,2.900000,2.500000,2.450000,2.800000
516,2.375000,2.075000,2.800000,2.175000,2.575000,2.350000,2.900000,2.500000,2.450000,2.800000
517,2.375000,2.075000,2.800000,2.175000,2.575000,2.350000,2.900000,2.500000,2.450000,2.800000
518,2.375000,2.075000,2.800000,2.175000,2.575000,2.350000,2.900000,2.500000,2.450000,2.800000
519,2.375000,2.075000,2.800000,2.175000,2.575000,2.350000,2.900000,2.500000,2.450000,2.800000
520,2.375000,2.075000,2.800000,2.175000,2.575000,2.350000,2.900000,2.500000,2.450000,2.800000
521,2.375000,2.075000,2.800000,2.175000,2.575000,2.350000,2.900000,2.500000,2.450000,2.800000
522,2.375000,2.075000,2.800000,2.175000,2.575000,2.350000,2.900000,2.500000,2.450000,2.800000
523,2.375000,2.075000,2.800000,2.175000,2.575000,2.350000,2.900000,2.500000,2.450000,2.800000
524,2.375000,2.075000,2.800000,2.175000,2.575000,2.350000,2.900000,2.500000,2.450000,2.800000
525,2.375000,2.075000,2.800000,2.175000,2.575000,2.350000,2.900000,2.500000,2.450000,2.800000
526,2.375000,2.075000,2.800000,2.175000,2.575000,2.350000,2.900000,2.500000,2.450000,2.800000
527,2.375000,2.075000,2.800000,2.175000,2.575000,2.350000,2.900000,2.500000,2.450000,2.800000
528,2.375000,2.075000,2.800000,2.175000,2.575000,2.350000,2.900000,2.500000,2.450000,2.800000
529,2.375000,2.075000,2.800000,2.175000,2.575000,2.350000,2.900000,2.500000,2.450000,2.800000
530,2.375000,2.075000,2.800000,2.175000,2.575000,2.350000,2.900000,2.500000,2.450000,2.800000
531,2.375000,2.075000,2.800000,2.175000,2.575000,2.350000,2.900000,2.500000,2.450000,2.800000
532,2.375000,2.075000,2.800000,2.175000,2.575000,2.350000,2.900000,2.500000,2.450000,2.800000
533,2.375000,2.075000,2.800000,2.175000,2.575000,2.350000,2.900000,2.500000,2.450000,2.800000
534,2.375000,2.075000,2.800000,2.175000,2.575000,2.350000,2.900000,2.500000,2.450000,2.800000
535,2.375000,2.075000,2.800000,2.175000,2.575000,2.350000,2.900000,2.500000,2.450000,2.800000
536,2.375000,2.075000,2.800000,2.175000,2.575000,2.350000,2.900000,2.500000,2.450000,2.800000
537,2.375000,2.075000,2.800000,2.175000,2.575000,2.350000,2.900000,2.500000,2.450000,2.800000
538,2.375000,2.075000,2.800000,2.175000,2.575000,2.350000,2.900000,2.500000,2.450000,2.800000
539,2.375000,2.075000,2.800000,2.175000,2.575000,2.350000,2.900000,2.500000,2.450000,2.800000
540,2.375000,2.075000,2.800000,2.175000,2.575000,2.350000,2.900000,2.500000,2.450000,2.800000
541,2.375000,2.075000,2.800000,2.175000,2.575000,2.350000,2.900000,2.500000,2.450000,2.800000
542,2.375000,2.075000,2.800000,2.175000,2.575000,2.350000,2.900000,2.500000,2.450000,2.800000
543,2.375000,2.075000,2.800000,2.175000,2.575000,2.350000,2.900000,2.500000,2.450000,2.800000
544,2.375000,2.075000,2.800000,2.175000,2.575000,2.350000,2.900000,2.500000,2.450000,2.800000
545,2.375000,2.075000,2.800000,2.175000,2.575000,2.350000,2.900000,2.500000,2.450000,2.800000
546,2.375000,2.075000,2.800000,2.175000,2.575000,2.350000,2.900000,2.500000,2.450000,2.800000
547,2.375000,2.075000,2.800000,2.175000,2.575000,2.350000,2.900000,2.500000,2.450000,2.800000
548,2.375000,2.075000,2.800000,2.175000,2.575000,2.350000,2.900000,2.500000,2.450000,2.800000
549,2.375000,2.075000,2.800000,2.175000,2.575000,2.350000,2.900000,2.500000,2.450000,2.800000
550,2.375000,2.075000,2.800000,2.175000,2.575000,2.350000,2.900000,2.500000,2.450000,2.800000
551,2.375000,2.075000,2.800000,2.175000,2.575000,2.350000,2.900000,2.500000,2.450000,2.800000
552,2.375000,2.075000,2.800000,2.175000,2.575000,2.350000,2.900000,2.500000,2.450000,2.800000
553,2.375000,2.075000,2.800000,2.175000,2.575000,2.350000,2.900000,2.500000,2.450000,2.800000
554,2.375000,2.075000,2.800000,2.175000,2.575000,2.350000,2.900000,2.500000,2.450000,2.800000
555,2.375000,2.075000,2.800000,2.175000,2.575000,2.350000,2.900000,2.500000,2.450000,2.800000
556,2.375000,2.075000,2.800000,2.175000,2.575000,2.350000,2.900000,2.500000,2.450000,2.800000
557,2.375000,2.075000,2.800000,2.175000,2.575000,2.350000,2.900000,2.500000,2.450000,2.800000
558,2.375000,2.075000,2.800000,2.175000,2.575000,2.350000,2.900000,2.500000,2.450000,2.800000
559,2.375000,2.075000,2.800000,2.175000,2.575000,2.350000,2.900000,2.500000,2.450000,2.800000
560,2.375000,2.075000,2.800000,2.175000,2.575000,2.350000,2.900000,2.500000,2.450000,2.800000
561,2.375000,2.075000,2.800000,2.175000,2.575000,2.350000,2.900000,2.500000,2.450000,2.800000
562,2.375000,2.075000,2.800000,2.175000,2.575000,2.350000,2.900000,2.500000,2.450000,2.800000
563,2.375000,2.075000,2.800000,2.175000,2.575000,2.350000,2.900000,2.500000,2.450000,2.800000
564,2.375000,2.075000,2.800000,2.175000,2.575000,2.350000,2.900000,2.500000,2.450000,2.800000
565,2.375000,2.075000,2.800000,2.175000,2.575000,2.350000,2.900000,2.500000,2.450000,2.800000
566,2.375000,2.075000,2.800000,2.175000,2.575000,2.350000,2.900000,2.500000,2.450000,2.800000
567,2.375000,2.075000,2.800000,2.175000,2.575000,2.350000,2.900000,2.500000,2.450000,2.800000
568,2.375000,2.075000,2.800000,2.175000,2.575000,2.350000,2.900000,2.500000,2.450000,2.800000
569,2.375000,2.075000,2.800000,2.175000,2.575000,2.350000,2.900000,2.500000,2.450000,2.800000
570,2.375000,2.075000,2.800000,2.175000,2.575000,2.350000,2.900000,2.500000,2.450000,2.800000
571,2.375000,2.075000,2.800000,2.175000,2.575000,2.350000,2.900000,2.500000,2.450000,2.800000
572,2.375000,2.075000,2.800000,2.175000,2.575000,2.350000,2.900000,2.500000,2.450000,2.800000
573,2.375000,2.075000,2.800000,2.175000,2.575000,2.350000,2.900000,2.500000,2.450000,2.800000
574,2.375000,2.075000,2.800000,2.175000,2.575000,2.350000,2.900000,2.500000,2.450000,2.800000
575,2.375000,2.075000,2.800000,2.175000,2.575000,2.350000,2.900000,2.500000,2.450000,2.800000
576,2.375000,2.075000,2.800000,2.175000,2.575000,2.350000,2.900000,2.500000,2.450000,2.800000
577,2.375000,2.075000,2.800000,2.175000,2.575000,2.350000,2.900000,2.500000,2.450000,2.800000
578,2.375000,2.075000,2.800000,2.175000,2.575000,2.350000,2.900000,2.500000,2.450000,2.800000
579,2.375000,2.075000,2.800000,2.175000,2.575000,2.350000,2.900000,2.500000,2.450000,2.800000
580,2.375000,2.075000,2.800000,2.175000,2.575000,2.350000,2.900000,2.500000,2.450000,2.800000
581,2.375000,2.075000,2.800000,2.175000,2.575000,2.350000,2.900000,2.500000,2.450000,2.800000
582,2.375000,2.075000,2.800000,2.175000,2.575000,2.350000,2.900000,2.500000,2.450000,2.800000
583,2.375000,2.075000,2.800000,2.175000,2.575000,2.350000,2.900000,2.500000,2.450000,2.800000
584,2.375000,2.075000,2.800000,2.175000,2.575000,2.350000,2.900000,2.500000,2.450000,2.800000
585,2.375000,2.075000,2.800000,2.175000,2.575000,2.350000,2.900000,2.500000,2.450000,2.800000
586,2.375000,2.075000,2.800000,2.175000,2.575000,2.350000,2.900000,2.500000,2.450000,2.800000
587,2.375000,2.075000,2.800000,2.175000,2.575000,2.350000,2.900000,2.500000,2.450000,2.800000
588,2.375000,2.075000,2.800000,2.175000,2.575000,2.350000,2.900000,2.500000,2.450000,2.800000
589,2.375000,2.075000,2.800000,2.175000,2.575000,2.350000,2.900000,2.500000,2.450000,2.800000
590,2.375000,2.075000,2.800000,2.175000,2.575000,2.350000,2.900000,2.500000,2.450000,2.800000
591,2.375000,2.075000,2.800000,2.175000,2.575000,2.350000,2.900000,2.500000,2.450000,2.800000
592,2.375000,2.075000,2.800000,2.175000,2.575000,2.350000,2.900000,2.500000,2.450000,2.800000
593,2.375000,2.075000,2.800000,2.175000,2.575000,2.350000,2.900000,2.500000,2.450000,2.800000
594,2.375000,2.075000,2.800000,2.175000,2.575000,2.350000,2.900000,2.500000,2.450000,2.800000
595,2.375000,2.075000,2.800000,2.175000,2.575000,2.350000,2.900000,2.500000,2.450000,2.800000
596,2.375000,2.075000,2.800000,2.175000,2.575000,2.350000,2.900000,2.500000,2.450000,2.800000
597,2.375000,2.075000,2.800000,2.175000,2.575000,2.350000,2.900000,2.500000,2.450000,2.800000
598,2.375000,2.075000,2.800000,2.175000,2.575000,2.350000,2.900000,2.500000,2.450000,2.800000
599,2.375000,2.075000,2.800000,2.175000,2.575000,2.350000,2.900000,2.500000,2.450000,2.800000
600,2.375000,2.075000,2.800000,2.175000,2.575000,2.350000,2.900000,2.500000,2.450000,2.800000
601,2.375000,2.075000,2.800000,2.175000,2.575000,2.350000,2.900000,2.500000,2.450000,2.800000
602,2.375000,2.075000,2.800000,2.175000,2.575000,2.350000,2.900000,2.500000,2.450000,2.800000
603,2.375000,2.075000,2.800000,2.175000,2.575000,2.350000,2.900000,2.500000,2.450000,2.800000
604,2.375000,2.075000,2.800000,2.175000,2.575000,2.350000,2.900000,2.500000,2.450000,2.800000
605,2.375000,2.075000,2.800000,2.175000,2.575000,2.350000,2.900000,2.500000,2.450000,2.800000
606,2.375000,2.075000,2.800000,2.175000,2.575000,2.350000,2.900000,2.500000,2.450000,2.800000
607,2.375000,2.075000,2.800000,2.175000,2.575000,2.350000,2.900000,2.500000,2.450000,2.800000
608,2.375000,2.075000,2.800000,2.175000,2.575000,2.350000,2.900000,2.500000,2.450000,2.800000
609,2.375000,2.075000,2.800000,2.175000,2.575000,2.350000,2.900000,2.500000,2.450000,2.800000
610,2.375000,2.075000,2.800000,2.175000,2.575000,2.350000,2.900000,2.500000,2.450000,2.800000
611,2.375000,2.075000,2.800000,2.175000,2.575000,2.350000,2.900000,2.500000,2.450000,2.800000
612,2.375000,2.075000,2.800000,2.175000,2.575000,2.350000,2.900000,2.500000,2.450000,2.800000
613,2.375000,2.075000,2.800000,2.175000,2.575000,2.350000,2.900000,2.500000,2.450000,2.800000
614,2.375000,2.075000,2.800000,2.175000,2.575000,2.350000,2.900000,2.500000,2.450000,2.800000
615,2.375000,2.075000,2.800000,2.175000,2.575000,2.350000,2.900000,2.500000,2.450000,2.800000
616,2.375000,2.075000,2.800000,2.175000,2.575000,2.350000,2.900000,2.500000,2.450000,2.800000
617,2.375000,2.075000,2.800000,2.175000,2.575000,2.350000,2.900000,2.500000,2.450000,2.800000
618,2.375000,2.075000,2.800000,2.175000,2.575000,2.350000,2.900000,2.500000,2.450000,2.800000
619,2.375000,2.075000,2.800000,2.175000,2.575000,2.350000,2.900000,2.500000,2.450000,2.800000
620,2.375000,2.075000,2.800000,2.175000,2.575000,2.350000,2.900000,2.500000,2.450000,2.800000
621,2.375000,2.075000,2.800000,2.175000,2.575000,2.350000,2.900000,2.500000,2.450000,2.800000
622,2.375000,2.075000,2.800000,2.175000,2.575000,2.350000,2.900000,2.500000,2.450000,2.800000
623,2.375000,2.075000,2.800000,2.175000,2.575000,2.350000,2.900000,2.500000,2.450000,2.800000
624,2.375000,2.075000,2.800000,2.175000,2.575000,2.350000,2.900000,2.500000,2.450000,2.800000
625,2.375000,2.075000,2.800000,2.175000,2.575000,2.350000,2.900000,2.500000,2.450000,2.800000
626,2.375000,2.075000,2.800000,2.175000,2.575000,2.350000,2.900000,2.500000,2.450000,2.800000
627,2.375000,2.075000,2.800000,2.175000,2.575000,2.350000,2.900000,2.500000,2.450000,2.800000
628,2.375000,2.075000,2.800000,2.175000,2.575000,2.350000,2.900000,2.500000,2.450000,2.800000
629,2.375000,2.075000,2.800000,2.175000,2.575000,2.350000,2.900000,2.500000,2.450000,2.800000
630,2.375000,2.075000,2.800000,2.175000,2.575000,2.350000,2.900000,2.500000,2.450000,2.800000
631,2.375000,2.075000,2.800000,2.175000,2.575000,2.350000,2.900000,2.500000,2.450000,2.800000
632,2.375000,2.075000,2.800000,2.175000,2.575000,2.350000,2.900000,2.500000,2.450000,2.800000
633,2.375000,2.075000,2.800000,2.175000,2.575000,2.350000,2.900000,2.500000,2.450000,2.800000
634,2.375000,2.075000,2.800000,2.175000,2.575000,2.350000,2.900000,2.500000,2.450000,2.800000
635,2.375000,2.075000,2.800000,2.175000,2.575000,2.350000,2.900000,2.500000,2.450000,2.800000
636,2.375000,2.075000,2.800000,2.175000,2.575000,2.350000,2.900000,2.500000,2.450000,2.800000
637,2.375000,2.075000,2.800000,2.175000,2.575000,2.350000,2.900000,2.500000,2.450000,2.800000
638,2.375000,2.075000,2.800000,2.175000,2.575000,2.350000,2.900000,2.500000,2.450000,2.800000
639,2.375000,2.075000,2.800000,2.175000,2.575000,2.350000,2.900000,2.500000,2.450000,2.800000
640,2.375000,2.075000,2.800000,2.175000,2.575000,2.350000,2.900000,2.500000,2.450000,2.800000
641,2.375000,2.075000,2.800000,2.175000,2.575000,2.350000,2.900000,2.500000,2.450000,2.800000
642,2.375000,2.075000,2.800000,2.175000,2.575000,2.350000,2.900000,2.500000,2.450000,2.800000
643,2.375000,2.075000,2.800000,2.175000,2.575000,2.350000,2.900000,2.500000,2.450000,2.800000
644,2.375000,2.075000,2.800000,2.175000,2.575000,2.350000,2.900000,2.500000,2.450000,2.800000
645,2.375000,2.075000,2.800000,2.175000,2.575000,2.350000,2.900000,2.500000,2.450000,2.800000
646,2.375000,2.075000,2.800000,2.175000,2.575000,2.350000,2.900000,2.500000,2.450000,2.800000
647,2.375000,2.075000,2.800000,2.175000,2.575000,2.350000,2.900000,2.500000,2.450000,2.800000
648,2.375000,2.075000,2.800000,2.175000,2.575000,2.350000,2.900000,2.500000,2.450000,2.800000
649,2.375000,2.075000,2.800000,2.175000,2.575000,2.350000,2.900000,2.500000,2.450000,2.800000
650,2.375000,2.075000,2.800000,2.175000,2.575000,2.350000,2.900000,2.500000,2.450000,2.800000
651,2.375000,2.075000,2.800000,2.175000,2.575000,2.350000,2.900000,2.500000,2.450000,2.800000
652,2.375000,2.075000,2.800000,2.175000,2.575000,2.350000,2.900000,2.500000,2.450000,2.800000
653,2.375000,2.075000,2.800000,2.175000,2.575000,2.350000,2.900000,2.500000,2.450000,2.800000
654,2.375000,2.075000,2.800000,2.175000,2.575000,2.350000,2.900000,2.500000,2.450000,2.800000
655,2.375000,2.075000,2.800000,2.175000,2.575000,2.350000,2.900000,2.500000,2.450000,2.800000
656,2.375000,2.075000,2.800000,2.175000,2.575000,2.350000,2.900000,2.500000,2.450000,2.800000
657,2.375000,2.075000,2.800000,2.175000,2.575000,2.350000,2.900000,2.500000,2.450000,2.800000
658,2.375000,2.075000,2.800000,2.175000,2.575000,2.350000,2.900000,2.500000,2.450000,2.800000
659,2.375000,2.075000,2.800000,2.175000,2.575000,2.350000,2.900000,2.500000,2.450000,2.800000
660,2.375000,2.075000,2.800000,2.175000,2.575000,2.350000,2.900000,2.500000,2.450000,2.800000
661,2.375000,2.075000,2.800000,2.175000,2.575000,2.350000,2.900000,2.500000,2.450000,2.800000
662,2.375000,2.075000,2.800000,2.175000,2.575000,2.350000,2.900000,2.500000,2.450000,2.800000
663,2.375000,2.075000,2.800000,2.175000,2.575000,2.350000,2.900000,2.500000,2.450000,2.800000
664,2.375000,2.075000,2.800000,2.175000,2.575000,2.350000,2.900000,2.500000,2.450000,2.800000
665,2.375000,2.075000,2.800000,2.175000,2.575000,2.350000,2.900000,2.500000,2.450000,2.800000
666,2.375000,2.075000,2.800000,2.175000,2.575000,2.350000,2.900000,2.500000,2.450000,2.800000
667,2.375000,2.075000,2.800000,2.175000,2.575000,2.350000,2.900000,2.500000,2.450000,2.800000
668,2.375000,2.075000,2.800000,2.175000,2.575000,2.350000,2.900000,2.500000,2.450000,2.800000
669,2.375000,2.075000,2.800000,2.175000,2.575000,2.350000,2.900000,2.500000,2.450000,2.800000
670,2.375000,2.075000,2.800000,2.175000,2.575000,2.350000,2.900000,2.500000,2.450000,2.800000
671,2.375000,2.075000,2.800000,2.175000,2.575000,2.350000,2.900000,2.500000,2.450000,2.800000
672,2.375000,2.075000,2.800000,2.175000,2.575000,2.350000,2.900000,2.500000,2.450000,2.800000
673,2.375000,2.075000,2.800000,2.175000,2.575000,2.350000,2.900000,2.500000,2.450000,2.800000
674,2.375000,2.075000,2.800000,2.175000,2.575000,2.350000,2.900000,2.500000,2.450000,2.800000
675,2.375000,2.075000,2.800000,2.175000,2.575000,2.350000,2.900000,2.500000,2.450000,2.800000
676,2.375000,2.075000,2.800000,2.175000,2.575000,2.350000,2.900000,2.500000,2.450000,2.800000
677,2.375000,2.075000,2.800000,2.175000,2.575000,2.350000,2.900000,2.500000,2.450000,2.800000
678,2.375000,2.075000,2.800000,2.175000,2.575000,2.350000,2.900000,2.500000,2.450000,2.800000
679,2.375000,2.075000,2.800000,2.175000,2.575000,2.350000,2.900000,2.500000,2.450000,2.800000
680,2.375000,2.075000,2.800000,2.175000,2.575000,2.350000,2.900000,2.500000,2.450000,2.800000
681,2.375000,2.075000,2.800000,2.175000,2.575000,2.350000,2.900000,2.500000,2.450000,2.800000
682,2.375000,2.075000,2.800000,2.175000,2.575000,2.350000,2.900000,2.500000,2.450000,2.800000
683,2.375000,2.075000,2.800000,2.175000,2.575000,2.350000,2.900000,2.500000,2.450000,2.800000
684,2.375000,2.075000,2.800000,2.175000,2.575000,2.350000,2.900000,2.500000,2.450000,2.800000
685,2.375000,2.075000,2.800000,2.175000,2.575000,2.350000,2.900000,2.500000,2.450000,2.800000
686,2.375000,2.075000,2.800000,2.175000,2.575000,2.350000,2.900000,2.500000,2.450000,2.800000
687,2.375000,2.075000,2.800000,2.175000,2.575000,2.350000,2.900000,2.500000,2.450000,2.800000
688,2.375000,2.075000,2.800000,2.175000,2.575000,2.350000,2.900000,2.500000,2.450000,2.800000
689,2.375000,2.075000,2.800000,2.175000,2.575000,2.350000,2.900000,2.500000,2.450000,2.800000
690,2.375000,2.075000,2.800000,2.175000,2.575000,2.350000,2.900000,2.500000,2.450000,2.800000
691,2.375000,2.075000,2.800000,2.175000,2.575000,2.350000,2.900000,2.500000,2.450000,2.800000
692,2.375000,2.075000,2.800000,2.175000,2.575000,2.350000,2.900000,2.500000,2.450000,2.800000
693,2.375000,2.075000,2.800000,2.175000,2.575000,2.350000,2.900000,2.500000,2.450000,2.800000
694,2.375000,2.075000,2.800000,2.175000,2.575000,2.350000,2.900000,2.500000,2.450000,2.800000
695,2.375000,2.075000,2.800000,2.175000,2.575000,2.350000,2.900000,2.500000,2.450000,2.800000
696,2.375000,2.075000,2.800000,2.175000,2.575000,2.350000,2.900000,2.500000,2.450000,2.800000
697,2.375000,2.075000,2.800000,2.175000,2.575000,2.350000,2.900000,2.500000,2.450000,2.800000
698,2.375000,2.075000,2.800000,2.175000,2.575000,2.350000,2.900000,2.500000,2.450000,2.800000
699,2.375000,2.075000,2.800000,2.175000,2.575000,2.350000,2.900000,2.500000,2.450000,2.800000
700,2.375000,2.075000,2.800000,2.175000,2.575000,2.350000,2.900000,2.500000,2.450000,2.800000
701,2.375000,2.075000,2.800000,2.175000,2.575000,2.350000,2.900000,2.500000,2.450000,2.800000
702,2.375000,2.075000,2.800000,2.175000,2.575000,2.350000,2.900000,2.500000,2.450000,2.800000
703,2.375000,2.075000,2.800000,2.175000,2.575000,2.350000,2.900000,2.500000,2.450000,2.800000
704,2.375000,2.075000,2.800000,2.175000,2.575000,2.350000,2.900000,2.500000,2.450000,2.800000
705,2.375000,2.075000,2.800000,2.175000,2.575000,2.350000,2.900000,2.500000,2.450000,2.800000
706,2.375000,2.075000,2.800000,2.175000,2.575000,2.350000,2.900000,2.500000,2.450000,2.800000
707,2.375000,2.075000,2.800000,2.175000,2.575000,2.350000,2.900000,2.500000,2.450000,2.800000
708,2.375000,2.075000,2.800000,2.175000,2.575000,2.350000,2.900000,2.500000,2.450000,2.800000
709,2.375000,2.075000,2.800000,2.175000,2.575000,2.350000,2.900000,2.500000,2.450000,2.800000
710,2.375000,2.075000,2.800000,2.175000,2.575000,2.350000,2.900000,2.500000,2.450000,2.800000
711,2.375000,2.075000,2.800000,2.175000,2.575000,2.350000,2.900000,2.500000,2.450000,2.800000
712,2.375000,2.075000,2.800000,2.175000,2.575000,2.350000,2.900000,2.500000,2.450000,2.800000
713,2.375000,2.075000,2.800000,2.175000,2.575000,2.350000,2.900000,2.500000,2.450000,2.800000
714,2.375000,2.075000,2.800000,2.175000,2.575000,2.350000,2.900000,2.500000,2.450000,2.800000
715,2.375000,2.075000,2.800000,2.175000,2.575000,2.350000,2.900000,2.500000,2.450000,2.800000
716,2.375000,2.075000,2.800000,2.175000,2.575000,2.350000,2.900000,2.500000,2.450000,2.800000
717,2.375000,2.075000,2.800000,2.175000,2.575000,2.350000,2.900000,2.500000,2.450000,2.800000
718,2.375000,2.075000,2.800000,2.175000,2.575000,2.350000,2.900000,2.500000,2.450000,2.800000
719,2.375000,2.075000,2.800000,2.175000,2.575000,2.350000,2.900000,2.500000,2.450000,2.800000
720,2.375000,2.075000,2.800000,2.175000,2.575000,2.350000,2.900000,2.500000,2.450000,2.800000
721,2.375000,2.075000,2.800000,2.175000,2.575000,2.350000,2.900000,2.500000,2.450000,2.800000
722,2.375000,2.075000,2.800000,2.175000,2.575000,2.350000,2.900000,2.500000,2.450000,2.800000
723,2.375000,2.075000,2.800000,2.175000,2.575000,2.350000,2.900000,2.500000,2.450000,2.800000
724,2.375000,2.075000,2.800000,2.175000,2.575000,2.350000,2.900000,2.500000,2.450000,2.800000
725,2.375000,2.075000,2.800000,2.175000,2.575000,2.350000,2.900000,2.500000,2.450000,2.800000
726,2.375000,2.075000,2.800000,2.175000,2.575000,2.350000,2.900000,2.500000,2.450000,2.800000
727,2.375000,2.075000,2.800000,2.175000,2.575000,2.350000,2.900000,2.500000,2.450000,2.800000
728,2.375000,2.075000,2.800000,2.175000,2.575000,2.350000,2.900000,2.500000,2.450000,2.800000
729,2.375000,2.075000,2.800000,2.175000,2.575000,2.350000,2.900000,2.500000,2.450000,2.800000
730,2.375000,2.075000,2.800000,2.175000,2.575000,2.350000,2.900000,2.500000,2.450000,2.800000
731,2.375000,2.075000,2.800000,2.175000,2.575000,2.350000,2.900000,2.500000,2.450000,2.800000
732,2.375000,2.075000,2.800000,2.175000,2.575000,2.350000,2.900000,2.500000,2.450000,2.800000
733,2.375000,2.075000,2.800000,2.175000,2.575000,2.350000,2.900000,2.500000,2.450000,2.800000
734,2.375000,2.075000,2.800000,2.175000,2.575000,2.350000,2.900000,2.500000,2.450000,2.800000
735,2.375000,2.075000,2.800000,2.175000,2.575000,2.350000,2.900000,2.500000,2.450000,2.800000
736,2.375000,2.075000,2.800000,2.175000,2.575000,2.350000,2.900000,2.500000,2.450000,2.800000
737,2.375000,2.075000,2.800000,2.175000,2.575000,2.350000,2.900000,2.500000,2.450000,2.800000
738,2.375000,2.075000,2.800000,2.175000,2.575000,2.350000,2.900000,2.500000,2.450000,2.800000
739,2.375000,2.075000,2.800000,2.175000,2.575000,2.350000,2.900000,2.500000,2.450000,2.800000
740,2.375000,2.075000,2.800000,2.175000,2.575000,2.350000,2.900000,2.500000,2.450000,2.800000
741,2.375000,2.075000,2.800000,2.175000,2.575000,2.350000,2.900000,2.500000,2.450000,2.800000
742,2.375000,2.075000,2.800000,2.175000,2.575000,2.350000,2.900000,2.500000,2.450000,2.800000
743,2.375000,2.075000,2.800000,2.175000,2.575000,2.350000,2.900000,2.500000,2.450000,2.800000
744,2.375000,2.075000,2.800000,2.175000,2.575000,2.350000,2.900000,2.500000,2.450000,2.800000
745,2.375000,2.075000,2.800000,2.175000,2.575000,2.350000,2.900000,2.500000,2.450000,2.800000
746,2.375000,2.075000,2.800000,2.175000,2.575000,2.350000,2.900000,2.500000,2.450000,2.800000
747,2.375000,2.075000,2.800000,2.175000,2.575000,2.350000,2.900000,2.500000,2.450000,2.800000
748,2.375000,2.075000,2.800000,2.175000,2.575000,2.350000,2.900000,2.500000,2.450000,2.800000
749,2.375000,2.075000,2.800000,2.175000,2.575000,2.350000,2.900000,2.500000,2.450000,2.800000
750,2.375000,2.075000,2.800000,2.175000,2.575000,2.350000,2.900000,2.500000,2.450000,2.800000
751,2.375000,2.075000,2.800000,2.175000,2.575000,2.350000,2.900000,2.500000,2.450000,2.800000
752,2.375000,2.075000,2.800000,2.175000,2.575000,2.350000,2.900000,2.500000,2.450000,2.800000
753,2.375000,2.075000,2.800000,2.175000,2.575000,2.350000,2.900000,2.500000,2.450000,2.800000
754,2.375000,2.075000,2.800000,2.175000,2.575000,2.350000,2.900000,2.500000,2.450000,2.800000
755,2.375000,2.075000,2.800000,2.175000,2.575000,2.350000,2.900000,2.500000,2.450000,2.800000
756,2.375000,2.075000,2.800000,2.175000,2.575000,2.350000,2.900000,2.500000,2.450000,2.800000
757,2.375000,2.075000,2.800000,2.175000,2.575000,2.350000,2.900000,2.500000,2.450000,2.800000
758,2.375000,2.075000,2.800000,2.175000,2.575000,2.350000,2.900000,2.500000,2.450000,2.800000
759,2.375000,2.075000,2.800000,2.175000,2.575000,2.350000,2.900000,2.500000,2.450000,2.800000
760,2.375000,2.075000,2.800000,2.175000,2.575000,2.350000,2.900000,2.500000,2.450000,2.800000
761,2.375000,2.075000,2.800000,2.175000,2.575000,2.350000,2.900000,2.500000,2.450000,2.800000
762,2.375000,2.075000,2.800000,2.175000,2.575000,2.350000,2.900000,2.500000,2.450000,2.800000
763,2.375000,2.075000,2.800000,2.175000,2.575000,2.350000,2.900000,2.500000,2.450000,2.800000
764,2.375000,2.075000,2.800000,2.175000,2.575000,2.350000,2.900000,2.500000,2.450000,2.800000
765,2.375000,2.075000,2.800000,2.175000,2.575000,2.350000,2.900000,2.500000,2.450000,2.800000
766,2.375000,2.075000,2.800000,2.175000,2.575000,2.350000,2.900000,2.500000,2.450000,2.800000
767,2.375000,2.075000,2.800000,2.175000,2.575000,2.350000,2.900000,2.500000,2.450000,2.800000
768,2.375000,2.075000,2.800000,2.175000,2.575000,2.350000,2.900000,2.500000,2.450000,2.800000
769,2.375000,2.075000,2.800000,2.175000,2.575000,2.350000,2.900000,2.500000,2.450000,2.800000
770,2.375000,2.075000,2.800000,2.175000,2.575000,2.350000,2.900000,2.500000,2.450000,2.800000
771,2.375000,2.075000,2.800000,2.175000,2.575000,2.350000,2.900000,2.500000,2.450000,2.800000
772,2.375000,2.075000,2.800000,2.175000,2.575000,2.350000,2.900000,2.500000,2.450000,2.800000
773,2.375000,2.075000,2.800000,2.175000,2.575000,2.350000,2.900000,2.500000,2.450000,2.800000
774,2.375000,2.075000,2.800000,2.175000,2.575000,2.350000,2.900000,2.500000,2.450000,2.800000
775,2.375000,2.075000,2.800000,2.175000,2.575000,2.350000,2.900000,2.500000,2.450000,2.800000
776,2.375000,2.075000,2.800000,2.175000,2.575000,2.350000,2.900000,2.500000,2.450000,2.800000
777,2.375000,2.075000,2.800000,2.175000,2.575000,2.350000,2.900000,2.500000,2.450000,2.800000
778,2.375000,2.075000,2.800000,2.175000,2.575000,2.350000,2.900000,2.500000,2.450000,2.800000
779,2.375000,2.075000,2.800000,2.175000,2.575000,2.350000,2.900000,2.500000,2.450000,2.800000
780,2.375000,2.075000,2.800000,2.175000,2.575000,2.350000,2.900000,2.500000,2.450000,2.800000
781,2.375000,2.075000,2.800000,2.175000,2.575000,2.350000,2.900000,2.500000,2.450000,2.800000
782,2.375000,2.075000,2.800000,2.175000,2.575000,2.350000,2.900000,2.500000,2.450000,2.800000
783,2.375000,2.075000,2.800000,2.175000,2.575000,2.350000,2.900000,2.500000,2.450000,2.800000
784,2.375000,2.075000,2.800000,2.175000,2.575000,2.350000,2.900000,2.500000,2.450000,2.800000
785,2.375000,2.075000,2.800000,2.175000,2.575000,2.350000,2.900000,2.500000,2.450000,2.800000
786,2.375000,2.075000,2.800000,2.175000,2.575000,2.350000,2.900000,2.500000,2.450000,2.800000
787,2.375000,2.075000,2.800000,2.175000,2.575000,2.350000,2.900000,2.500000,2.450000,2.800000
788,2.375000,2.075000,2.800000,2.175000,2.575000,2.350000,2.900000,2.500000,2.450000,2.800000
789,2.375000,2.075000,2.800000,2.175000,2.575000,2.350000,2.900000,2.500000,2.450000,2.800000
790,2.375000,2.075000,2.800000,2.175000,2.575000,2.350000,2.900000,2.500000,2.450000,2.800000
791,2.375000,2.075000,2.800000,2.175000,2.575000,2.350000,2.900000,2.500000,2.450000,2.800000
792,2.375000,2.075000,2.800000,2.175000,2.575000,2.350000,2.900000,2.500000,2.450000,2.800000
793,2.375000,2.075000,2.800000,2.175000,2.575000,2.350000,2.900000,2.500000,2.450000,2.800000
794,2.375000,2.075000,2.800000,2.175000,2.575000,2.350000,2.900000,2.500000,2.450000,2.800000
795,2.375000,2.075000,2.800000,2.175000,2.575000,2.350000,2.900000,2.500000,2.450000,2.800000
796,2.375000,2.075000,2.800000,2.175000,2.575000,2.350000,2.900000,2.500000,2.450000,2.800000
797,2.375000,2.075000,2.800000,2.175000,2.575000,2.350000,2.900000,2.500000,2.450000,2.800000
798,2.375000,2.075000,2.800000,2.175000,2.575000,2.350000,2.900000,2.500000,2.450000,2.800000
799,2.375000,2.075000,2.800000,2.175000,2.575000,2.350000,2.900000,2.500000,2.450000,2.800000
800,2.375000,2.075000,2.800000,2.175000,2.575000,2.350000,2.900000,2.500000,2.450000,2.800000
801,2.375000,2.075000,2.800000,2.175000,2.575000,2.350000,2.900000,2.500000,2.450000,2.800000
802,2.375000,2.075000,2.800000,2.175000,2.575000,2.350000,2.900000,2.500000,2.450000,2.800000
803,2.375000,2.075000,2.800000,2.175000,2.575000,2.350000,2.900000,2.500000,2.450000,2.800000
804,2.375000,2.075000,2.800000,2.175000,2.575000,2.350000,2.900000,2.500000,2.450000,2.800000
805,2.375000,2.075000,2.800000,2.175000,2.575000,2.350000,2.900000,2.500000,2.450000,2.800000
806,2.375000,2.075000,2.800000,2.175000,2.575000,2.350000,2.900000,2.500000,2.450000,2.800000
807,2.375000,2.075000,2.800000,2.175000,2.575000,2.350000,2.900000,2.500000,2.450000,2.800000
808,2.375000,2.075000,2.800000,2.175000,2.575000,2.350000,2.900000,2.500000,2.450000,2.800000
809,2.375000,2.075000,2.800000,2.175000,2.575000,2.350000,2.900000,2.500000,2.450000,2.800000
810,2.375000,2.075000,2.800000,2.175000,2.575000,2.350000,2.900000,2.500000,2.450000,2.800000
811,2.375000,2.075000,2.800000,2.175000,2.575000,2.350000,2.900000,2.500000,2.450000,2.800000
812,2.375000,2.075000,2.800000,2.175000,2.575000,2.350000,2.900000,2.500000,2.450000,2.800000
813,2.375000,2.075000,2.800000,2.175000,2.575000,2.350000,2.900000,2.500000,2.450000,2.800000
814,2.375000,2.075000,2.800000,2.175000,2.575000,2.350000,2.900000,2.500000,2.450000,2.800000
815,2.375000,2.075000,2.800000,2.175000,2.575000,2.350000,2.900000,2.500000,2.450000,2.800000
816,2.375000,2.075000,2.800000,2.175000,2.575000,2.350000,2.900000,2.500000,2.450000,2.800000
817,2.375000,2.075000,2.800000,2.175000,2.575000,2.350000,2.900000,2.500000,2.450000,2.800000
818,2.375000,2.075000,2.800000,2.175000,2.575000,2.350000,2.900000,2.500000,2.450000,2.800000
819,2.375000,2.075000,2.800000,2.175000,2.575000,2.350000,2.900000,2.500000,2.450000,2.800000
820,2.375000,2.075000,2.800000,2.175000,2.575000,2.350000,2.900000,2.500000,2.450000,2.800000
821,2.375000,2.075000,2.800000,2.175000,2.575000,2.350000,2.900000,2.500000,2.450000,2.800000
822,2.375000,2.075000,2.800000,2.175000,2.575000,2.350000,2.900000,2.500000,2.450000,2.800000
823,2.375000,2.075000,2.800000,2.175000,2.575000,2.350000,2.900000,2.500000,2.450000,2.800000
824,2.375000,2.075000,2.800000,2.175000,2.575000,2.350000,2.900000,2.500000,2.450000,2.800000
825,2.375000,2.075000,2.800000,2.175000,2.575000,2.350000,2.900000,2.500000,2.450000,2.800000
826,2.375000,2.075000,2.800000,2.175000,2.575000,2.350000,2.900000,2.500000,2.450000,2.800000
827,2.375000,2.075000,2.800000,2.175000,2.575000,2.350000,2.900000,2.500000,2.450000,2.800000
828,2.375000,2.075000,2.800000,2.175000,2.575000,2.350000,2.900000,2.500000,2.450000,2.800000
829,2.375000,2.075000,2.800000,2.175000,2.575000,2.350000,2.900000,2.500000,2.450000,2.800000
830,2.375000,2.075000,2.800000,2.175000,2.575000,2.350000,2.900000,2.500000,2.450000,2.800000
831,2.375000,2.075000,2.800000,2.175000,2.575000,2.350000,2.900000,2.500000,2.450000,2.800000
832,2.375000,2.075000,2.800000,2.175000,2.575000,2.350000,2.900000,2.500000,2.450000,2.800000
833,2.375000,2.075000,2.800000,2.175000,2.575000,2.350000,2.900000,2.500000,2.450000,2.800000
834,2.375000,2.075000,2.800000,2.175000,2.575000,2.350000,2.900000,2.500000,2.450000,2.800000
835,2.375000,2.075000,2.800000,2.175000,2.575000,2.350000,2.900000,2.500000,2.450000,2.800000
836,2.375000,2.075000,2.800000,2.175000,2.575000,2.350000,2.900000,2.500000,2.450000,2.800000
837,2.375000,2.075000,2.800000,2.175000,2.575000,2.350000,2.900000,2.500000,2.450000,2.800000
838,2.375000,2.075000,2.800000,2.175000,2.575000,2.350000,2.900000,2.500000,2.450000,2.800000
839,2.375000,2.075000,2.800000,2.175000,2.575000,2.350000,2.900000,2.500000,2.450000,2.800000
840,2.375000,2.075000,2.800000,2.175000,2.575000,2.350000,2.900000,2.500000,2.450000,2.800000
841,2.375000,2.075000,2.800000,2.175000,2.575000,2.350000,2.900000,2.500000,2.450000,2.800000
842,2.375000,2.075000,2.800000,2.175000,2.575000,2.350000,2.900000,2.500000,2.450000,2.800000
843,2.375000,2.075000,2.800000,2.175000,2.575000,2.350000,2.900000,2.500000,2.450000,2.800000
844,2.375000,2.075000,2.800000,2.175000,2.575000,2.350000,2.900000,2.500000,2.450000,2.800000
845,2.375000,2.075000,2.800000,2.175000,2.575000,2.350000,2.900000,2.500000,2.450000,2.800000
846,2.375000,2.075000,2.800000,2.175000,2.575000,2.350000,2.900000,2.500000,2.450000,2.800000
847,2.375000,2.075000,2.800000,2.175000,2.575000,2.350000,2.900000,2.500000,2.450000,2.800000
848,2.375000,2.075000,2.800000,2.175000,2.575000,2.350000,2.900000,2.500000,2.450000,2.800000
849,2.375000,2.075000,2.800000,2.175000,2.575000,2.350000,2.900000,2.500000,2.450000,2.800000
850,2.375000,2.075000,2.800000,2.175000,2.575000,2.350000,2.900000,2.500000,2.450000,2.800000
851,2.375000,2.075000,2.800000,2.175000,2.575000,2.350000,2.900000,2.500000,2.450000,2.800000
852,2.375000,2.075000,2.800000,2.175000,2.575000,2.350000,2.900000,2.500000,2.450000,2.800000
853,2.375000,2.075000,2.800000,2.175000,2.575000,2.350000,2.900000,2.500000,2.450000,2.800000
854,2.375000,2.075000,2.800000,2.175000,2.575000,2.350000,2.900000,2.500000,2.450000,2.800000
855,2.375000,2.075000,2.800000,2.175000,2.575000,2.350000,2.900000,2.500000,2.450000,2.800000
856,2.375000,2.075000,2.800000,2.175000,2.575000,2.350000,2.900000,2.500000,2.450000,2.800000
857,2.375000,2.075000,2.800000,2.175000,2.575000,2.350000,2.900000,2.500000,2.450000,2.800000
858,2.375000,2.075000,2.800000,2.175000,2.575000,2.350000,2.900000,2.500000,2.450000,2.800000
859,2.375000,2.075000,2.800000,2.175000,2.575000,2.350000,2.900000,2.500000,2.450000,2.800000
860,2.375000,2.075000,2.800000,2.175000,2.575000,2.350000,2.900000,2.500000,2.450000,2.800000
861,2.375000,2.075000,2.800000,2.175000,2.575000,2.350000,2.900000,2.500000,2.450000,2.800000
862,2.375000,2.075000,2.800000,2.175000,2.575000,2.350000,2.900000,2.500000,2.450000,2.800000
863,2.375000,2.075000,2.800000,2.175000,2.575000,2.350000,2.900000,2.500000,2.450000,2.800000
864,2.375000,2.075000,2.800000,2.175000,2.575000,2.350000,2.900000,2.500000,2.450000,2.800000
865,2.375000,2.075000,2.800000,2.175000,2.575000,2.350000,2.900000,2.500000,2.450000,2.800000
866,2.375000,2.075000,2.800000,2.175000,2.575000,2.350000,2.900000,2.500000,2.450000,2.800000
867,2.375000,2.075000,2.800000,2.175000,2.575000,2.350000,2.900000,2.500000,2.450000,2.800000
868,2.375000,2.075000,2.800000,2.175000,2.575000,2.350000,2.900000,2.500000,2.450000,2.800000
869,2.375000,2.075000,2.800000,2.175000,2.575000,2.350000,2.900000,2.500000,2.450000,2.800000
870,2.375000,2.075000,2.800000,2.175000,2.575000,2.350000,2.900000,2.500000,2.450000,2.800000
871,2.375000,2.075000,2.800000,2.175000,2.575000,2.350000,2.900000,2.500000,2.450000,2.800000
872,2.375000,2.075000,2.800000,2.175000,2.575000,2.350000,2.900000,2.500000,2.450000,2.800000
873,2.375000,2.075000,2.800000,2.175000,2.575000,2.350000,2.900000,2.500000,2.450000,2.800000
874,2.375000,2.075000,2.800000,2.175000,2.575000,2.350000,2.900000,2.500000,2.450000,2.800000
875,2.375000,2.075000,2.800000,2.175000,2.575000,2.350000,2.900000,2.500000,2.450000,2.800000
876,2.375000,2.075000,2.800000,2.175000,2.575000,2.350000,2.900000,2.500000,2.450000,2.800000
877,2.375000,2.075000,2.800000,2.175000,2.575000,2.350000,2.900000,2.500000,2.450000,2.800000
878,2.375000,2.075000,2.800000,2.175000,2.575000,2.350000,2.900000,2.500000,2.450000,2.800000
879,2.375000,2.075000,2.800000,2.175000,2.575000,2.350000,2.900000,2.500000,2.450000,2.800000
880,2.375000,2.075000,2.800000,2.175000,2.575000,2.350000,2.900000,2.500000,2.450000,2.800000
881,2.375000,2.075000,2.800000,2.175000,2.575000,2.350000,2.900000,2.500000,2.450000,2.800000
882,2.375000,2.075000,2.800000,2.175000,2.575000,2.350000,2.900000,2.500000,2.450000,2.800000
883,2.375000,2.075000,2.800000,2.175000,2.575000,2.350000,2.900000,2.500000,2.450000,2.800000
884,2.375000,2.075000,2.800000,2.175000,2.575000,2.350000,2.900000,2.500000,2.450000,2.800000
885,2.375000,2.075000,2.800000,2.175000,2.575000,2.350000,2.900000,2.500000,2.450000,2.800000
886,2.375000,2.075000,2.800000,2.175000,2.575000,2.350000,2.900000,2.500000,2.450000,2.800000
887,2.375000,2.075000,2.800000,2.175000,2.575000,2.350000,2.900000,2.500000,2.450000,2.800000
888,2.375000,2.075000,2.800000,2.175000,2.575000,2.350000,2.900000,2.500000,2.450000,2.800000
889,2.375000,2.075000,2.800000,2.175000,2.575000,2.350000,2.900000,2.500000,2.450000,2.800000
890,2.375000,2.075000,2.800000,2.175000,2.575000,2.350000,2.900000,2.500000,2.450000,2.800000
891,2.375000,2.075000,2.800000,2.175000,2.575000,2.350000,2.900000,2.500000,2.450000,2.800000
892,2.375000,2.075000,2.800000,2.175000,2.575000,2.350000,2.900000,2.500000,2.450000,2.800000
893,2.375000,2.075000,2.800000,2.175000,2.575000,2.350000,2.900000,2.500000,2.450000,2.800000
894,2.375000,2.075000,2.800000,2.175000,2.575000,2.350000,2.900000,2.500000,2.450000,2.800000
895,2.375000,2.075000,2.800000,2.175000,2.575000,2.350000,2.900000,2.500000,2.450000,2.800000
896,2.375000,2.075000,2.800000,2.175000,2.575000,2.350000,2.900000,2.500000,2.450000,2.800000
897,2.375000,2.075000,2.800000,2.175000,2.575000,2.350000,2.900000,2.500000,2.450000,2.800000
898,2.375000,2.075000,2.800000,2.175000,2.575000,2.350000,2.900000,2.500000,2.450000,2.800000
899,2.375000,2.075000,2.800000,2.175000,2.575000,2.350000,2.900000,2.500000,2.450000,2.800000
900,2.375000,2.075000,2.800000,2.175000,2.575000,2.350000,2.900000,2.500000,2.450000,2.800000
901,2.375000,2.075000,2.800000,2.175000,2.575000,2.350000,2.900000,2.500000,2.450000,2.800000
902,2.375000,2.075000,2.800000,2.175000,2.575000,2.350000,2.900000,2.500000,2.450000,2.800000
903,2.375000,2.075000,2.800000,2.175000,2.575000,2.350000,2.900000,2.500000,2.450000,2.800000
904,2.375000,2.075000,2.800000,2.175000,2.575000,2.350000,2.900000,2.500000,2.450000,2.800000
905,2.375000,2.075000,2.800000,2.175000,2.575000,2.350000,2.900000,2.500000,2.450000,2.800000
906,2.375000,2.075000,2.800000,2.175000,2.575000,2.350000,2.900000,2.500000,2.450000,2.800000
907,2.375000,2.075000,2.800000,2.175000,2.575000,2.350000,2.900000,2.500000,2.450000,2.800000
908,2.375000,2.075000,2.800000,2.175000,2.575000,2.350000,2.900000,2.500000,2.450000,2.800000
909,2.375000,2.075000,2.800000,2.175000,2.575000,2.350000,2.900000,2.500000,2.450000,2.800000
910,2.375000,2.075000,2.800000,2.175000,2.575000,2.350000,2.900000,2.500000,2.450000,2.800000
911,2.375000,2.075000,2.800000,2.175000,2.575000,2.350000,2.900000,2.500000,2.450000,2.800000
912,2.375000,2.075000,2.800000,2.175000,2.575000,2.350000,2.900000,2.500000,2.450000,2.800000
913,2.375000,2.075000,2.800000,2.175000,2.575000,2.350000,2.900000,2.500000,2.450000,2.800000
914,2.375000,2.075000,2.800000,2.175000,2.575000,2.350000,2.900000,2.500000,2.450000,2.800000
915,2.375000,2.075000,2.800000,2.175000,2.575000,2.350000,2.900000,2.500000,2.450000,2.800000
916,2.375000,2.075000,2.800000,2.175000,2.575000,2.350000,2.900000,2.500000,2.450000,2.800000
917,2.375000,2.075000,2.800000,2.175000,2.575000,2.350000,2.900000,2.500000,2.450000,2.800000
918,2.375000,2.075000,2.800000,2.175000,2.575000,2.350000,2.900000,2.500000,2.450000,2.800000
919,2.375000,2.075000,2.800000,2.175000,2.575000,2.350000,2.900000,2.500000,2.450000,2.800000
920,2.375000,2.075000,2.800000,2.175000,2.575000,2.350000,2.900000,2.500000,2.450000,2.800000
921,2.375000,2.075000,2.800000,2.175000,2.575000,2.350000,2.900000,2.500000,2.450000,2.800000
922,2.375000,2.075000,2.800000,2.175000,2.575000,2.350000,2.900000,2.500000,2.450000,2.800000
923,2.375000,2.075000,2.800000,2.175000,2.575000,2.350000,2.900000,2.500000,2.450000,2.800000
924,2.375000,2.075000,2.800000,2.175000,2.575000,2.350000,2.900000,2.500000,2.450000,2.800000
925,2.375000,2.075000,2.800000,2.175000,2.575000,2.350000,2.900000,2.500000,2.450000,2.800000
926,2.375000,2.075000,2.800000,2.175000,2.575000,2.350000,2.900000,2.500000,2.450000,2.800000
927,2.375000,2.075000,2.800000,2.175000,2.575000,2.350000,2.900000,2.500000,2.450000,2.800000
928,2.375000,2.075000,2.800000,2.175000,2.575000,2.350000,2.900000,2.500000,2.450000,2.800000
929,2.375000,2.075000,2.800000,2.175000,2.575000,2.350000,2.900000,2.500000,2.450000,2.800000
930,2.375000,2.075000,2.800000,2.175000,2.575000,2.350000,2.900000,2.500000,2.450000,2.800000
931,2.375000,2.075000,2.800000,2.175000,2.575000,2.350000,2.900000,2.500000,2.450000,2.800000
932,2.375000,2.075000,2.800000,2.175000,2.575000,2.350000,2.900000,2.500000,2.450000,2.800000
933,2.375000,2.075000,2.800000,2.175000,2.575000,2.350000,2.900000,2.500000,2.450000,2.800000
934,2.375000,2.075000,2.800000,2.175000,2.575000,2.350000,2.900000,2.500000,2.450000,2.800000
935,2.375000,2.075000,2.800000,2.175000,2.575000,2.350000,2.900000,2.500000,2.450000,2.800000
936,2.375000,2.075000,2.800000,2.175000,2.575000,2.350000,2.900000,2.500000,2.450000,2.800000
937,2.375000,2.075000,2.800000,2.175000,2.575000,2.350000,2.900000,2.500000,2.450000,2.800000
938,2.375000,2.075000,2.800000,2.175000,2.575000,2.350000,2.900000,2.500000,2.450000,2.800000
939,2.375000,2.075000,2.800000,2.175000,2.575000,2.350000,2.900000,2.500000,2.450000,2.800000
940,2.375000,2.075000,2.800000,2.175000,2.575000,2.350000,2.900000,2.500000,2.450000,2.800000
941,2.375000,2.075000,2.800000,2.175000,2.575000,2.350000,2.900000,2.500000,2.450000,2.800000
942,2.375000,2.075000,2.800000,2.175000,2.575000,2.350000,2.900000,2.500000,2.450000,2.800000
943,2.375000,2.075000,2.800000,2.175000,2.575000,2.350000,2.900000,2.500000,2.450000,2.800000
944,2.375000,2.075000,2.800000,2.175000,2.575000,2.350000,2.900000,2.500000,2.450000,2.800000
945,2.375000,2.075000,2.800000,2.175000,2.575000,2.350000,2.900000,2.500000,2.450000,2.800000
946,2.375000,2.075000,2.800000,2.175000,2.575000,2.350000,2.900000,2.500000,2.450000,2.800000
947,2.375000,2.075000,2.800000,2.175000,2.575000,2.350000,2.900000,2.500000,2.450000,2.800000
948,2.375000,2.075000,2.800000,2.175000,2.575000,2.350000,2.900000,2.500000,2.450000,2.800000
949,2.375000,2.075000,2.800000,2.175000,2.575000,2.350000,2.900000,2.500000,2.450000,2.800000
950,2.375000,2.075000,2.800000,2.175000,2.575000,2.350000,2.900000,2.500000,2.450000,2.800000
951,2.375000,2.075000,2.800000,2.175000,2.575000,2.350000,2.900000,2.500000,2.450000,2.800000
952,2.375000,2.075000,2.800000,2.175000,2.575000,2.350000,2.900000,2.500000,2.450000,2.800000
953,2.375000,2.075000,2.800000,2.175000,2.575000,2.350000,2.900000,2.500000,2.450000,2.800000
954,2.375000,2.075000,2.800000,2.175000,2.575000,2.350000,2.900000,2.500000,2.450000,2.800000
955,2.375000,2.075000,2.800000,2.175000,2.575000,2.350000,2.900000,2.500000,2.450000,2.800000
956,2.375000,2.075000,2.800000,2.175000,2.575000,2.350000,2.900000,2.500000,2.450000,2.800000
957,2.375000,2.075000,2.800000,2.175000,2.575000,2.350000,2.900000,2.500000,2.450000,2.800000
958,2.375000,2.075000,2.800000,2.175000,2.575000,2.350000,2.900000,2.500000,2.450000,2.800000
959,2.375000,2.075000,2.800000,2.175000,2.575000,2.350000,2.900000,2.500000,2.450000,2.800000
960,2.375000,2.075000,2.800000,2.175000,2.575000,2.350000,2.900000,2.500000,2.450000,2.800000
961,2.375000,2.075000,2.800000,2.175000,2.575000,2.350000,2.900000,2.500000,2.450000,2.800000
962,2.375000,2.075000,2.800000,2.175000,2.575000,2.350000,2.900000,2.500000,2.450000,2.800000
963,2.375000,2.075000,2.800000,2.175000,2.575000,2.350000,2.900000,2.500000,2.450000,2.800000
964,2.375000,2.075000,2.800000,2.175000,2.575000,2.350000,2.900000,2.500000,2.450000,2.800000
965,2.375000,2.075000,2.800000,2.175000,2.575000,2.350000,2.900000,2.500000,2.450000,2.800000
966,2.375000,2.075000,2.800000,2.175000,2.575000,2.350000,2.900000,2.500000,2.450000,2.800000
967,2.375000,2.075000,2.800000,2.175000,2.575000,2.350000,2.900000,2.500000,2.450000,2.800000
968,2.375000,2.075000,2.800000,2.175000,2.575000,2.350000,2.900000,2.500000,2.450000,2.800000
969,2.375000,2.075000,2.800000,2.175000,2.575000,2.350000,2.900000,2.500000,2.450000,2.800000
970,2.375000,2.075000,2.800000,2.175000,2.575000,2.350000,2.900000,2.500000,2.450000,2.800000
971,2.375000,2.075000,2.800000,2.175000,2.575000,2.350000,2.900000,2.500000,2.450000,2.800000
972,2.375000,2.075000,2.800000,2.175000,2.575000,2.350000,2.900000,2.500000,2.450000,2.800000
973,2.375000,2.075000,2.800000,2.175000,2.575000,2.350000,2.900000,2.500000,2.450000,2.800000
974,2.375000,2.075000,2.800000,2.175000,2.575000,2.350000,2.900000,2.500000,2.450000,2.800000
975,2.375000,2.075000,2.800000,2.175000,2.575000,2.350000,2.900000,2.500000,2.450000,2.800000
976,2.375000,2.075000,2.800000,2.175000,2.575000,2.350000,2.900000,2.500000,2.450000,2.800000
977,2.375000,2.075000,2.800000,2.175000,2.575000,2.350000,2.900000,2.500000,2.450000,2.800000
978,2.375000,2.075000,2.800000,2.175000,2.575000,2.350000,2.900000,2.500000,2.450000,2.800000
979,2.375000,2.075000,2.800000,2.175000,2.575000,2.350000,2.900000,2.500000,2.450000,2.800000
980,2.375000,2.075000,2.800000,2.175000,2.575000,2.350000,2.900000,2.500000,2.450000,2.800000
981,2.375000,2.075000,2.800000,2.175000,2.575000,2.350000,2.900000,2.500000,2.450000,2.800000
982,2.375000,2.075000,2.800000,2.175000,2.575000,2.350000,2.900000,2.500000,2.450000,2.800000
983,2.375000,2.075000,2.800000,2.175000,2.575000,2.350000,2.900000,2.500000,2.450000,2.800000
984,2.375000,2.075000,2.800000,2.175000,2.575000,2.350000,2.900000,2.500000,2.450000,2.800000
985,2.375000,2.075000,2.800000,2.175000,2.575000,2.350000,2.900000,2.500000,2.450000,2.800000
986,2.375000,2.075000,2.800000,2.175000,2.575000,2.350000,2.900000,2.500000,2.450000,2.800000
987,2.375000,2.075000,2.800000,2.175000,2.575000,2.350000,2.900000,2.500000,2.450000,2.800000
988,2.375000,2.075000,2.800000,2.175000,2.575000,2.350000,2.900000,2.500000,2.450000,2.800000
989,2.375000,2.075000,2.800000,2.175000,2.575000,2.350000,2.900000,2.500000,2.450000,2.800000
990,2.375000,2.075000,2.800000,2.175000,2.575000,2.350000,2.900000,2.500000,2.450000,2.800000
991,2.375000,2.075000,2.800000,2.175000,2.575000,2.350000,2.900000,2.500000,2.450000,2.800000
992,2.375000,2.075000,2.800000,2.175000,2.575000,2.350000,2.900000,2.500000,2.450000,2.800000
993,2.375000,2.075000,2.800000,2.175000,2.575000,2.350000,2.900000,2.500000,2.450000,2.800000
994,2.375000,2.075000,2.800000,2.175000,2.575000,2.350000,2.900000,2.500000,2.450000,2.800000
995,2.375000,2.075000,2.800000,2.175000,2.575000,2.350000,2.900000,2.500000,2.450000,2.800000
996,2.375000,2.075000,2.800000,2.175000,2.575000,2.350000,2.900000,2.500000,2.450000,2.800000
997,2.375000,2.075000,2.800000,2.175000,2.575000,2.350000,2.900000,2.500000,2.450000,2.800000
998,2.375000,2.075000,2.800000,2.175000,2.575000,2.350000,2.900000,2.500000,2.450000,2.800000
999,2.375000,2.075000,2.800000,2.175000,2.575000,2.350000,2.900000,2.500000,2.450000,2.800000
